taxid,desc,superkingdom,phylum,class,order,LS001,LS002,LS003,LS004,LS005,LS006,LS007,CD-SRS301865,CD-SRS301866,CD-SRS301867,CD-SRS301868,CD-SRS301869,CD-SRS301870,CD-SRS301871,CD-SRS301872,CD-SRS301873,CD-SRS301874,CD-SRS301875,CD-SRS301876,CD-SRS301877,CD-SRS301878,CD-SRS301879,UC-SRS071964,UC-SRS071970,UC-SRS071978,UC-SRS071981,UC-SRS071982,UC-SRS071988,HE-SRS011061,HE-SRS011084,HE-SRS011134,HE-SRS011239,HE-SRS011271,HE-SRS011302,HE-SRS011405,HE-SRS011452,HE-SRS011529,HE-SRS011586,HE-SRS012273,HE-SRS012902,HE-SRS013158,HE-SRS013215,HE-SRS013687,HE-SRS013951,HE-SRS014235,HE-SRS014923,HE-SRS014979,HE-SRS015065,HE-SRS015217,HE-SRS015578,HE-SRS015663,HE-SRS016018,HE-SRS016095,HE-SRS016335,HE-SRS016495,HE-SRS017103,HE-SRS017433,HE-SRS018427,HE-SRS018656,HE-SRS020328,HE-SRS020869,HE-SRS022713
186329,Acholeplasmatales,Bacteria,Tenericutes,Mollicutes,Acholeplasmatales,0.000156,0.000046,0.00005,0.000172,0.000064,0.000127,0.000028,0.000003,0.000002,0.000024,0.000005,0.000003,0.0001,0.000007,0.000002,0.000002,0.000002,0.000008,0.000005,0.00004,0.000014,0.000081,0.00008,0.000026,0,0,0.000032,0.000047,0.000102,0.000212,0.00179,0.002127,0.000349,0.001179,0.00001,0.000004,0.000288,0.0011,0.001041,0.000002,0.000055,0.000001,0.000708,0.000731,0.000375,0.000108,0.001714,0.000033,0.000103,0.000025,0.000275,0.00001,0.000052,0.000731,0.000141,0.000019,0.000004,0.000017,0.000655,0.000464,0.000639,0.00001
871006,Acidilobales,Archaea,Crenarchaeota,Thermoprotei,Acidilobales,0.000001,0.000001,0.000001,0.000001,0.000001,0.000001,0.000001,0.000003,0.000002,0,0.000001,0,0,0,0.000003,0,0.000002,0,0,0,0,0,0.000009,0,0,0,0,0,0.000001,0.000002,0.000004,0.000001,0.000001,0.000009,0,0,0.000003,0.000002,0.000002,0,0,0,0.000002,0.000006,0.000006,0.000003,0.000012,0,0.000001,0,0.000003,0,0.000001,0.000005,0.000007,0,0,0,0.000005,0,0.000001,0
84993,Acidimicrobiales,Bacteria,Actinobacteria,Actinobacteria,Acidimicrobiales,0.000004,0.000008,0.000011,0.000005,0.000032,0.000007,0.000015,0.000006,0.000005,0,0,0,0,0,0.000006,0,0.000007,0,0,0,0,0.000001,0,0,0,0,0,0,0.000007,0.000001,0.000004,0.000003,0.000001,0.000002,0.000001,0,0.000003,0.000001,0.000002,0,0,0,0.000004,0.000004,0.000003,0.000002,0.000007,0.000001,0.000001,0,0.000002,0.000002,0.000002,0.000003,0.000001,0.000001,0,0.000001,0.000002,0.000003,0.000005,0
225057,Acidithiobacillales,Bacteria,Proteobacteria,Gammaproteobacteria,Acidithiobacillales,0.000014,0.000033,0.000032,0.000024,0.000081,0.000028,0.000031,0.000005,0.000003,0.000001,0.000001,0.000002,0.000003,0,0.000004,0,0.000004,0.000001,0.000001,0.000003,0,0.000001,0.000014,0.000006,0.000002,0,0.000005,0.000007,0.000018,0.000009,0.000024,0.00001,0.000013,0.000016,0.000002,0.000003,0.000005,0.000014,0.00001,0.000003,0.000005,0,0.000012,0.000016,0.000012,0.000025,0.000034,0.00001,0.000011,0.000003,0.000016,0.000005,0.000073,0.000142,0.000008,0.000011,0.000002,0.000008,0.00002,0.00002,0.000025,0.000013
204433,Acidobacteriales,Bacteria,Acidobacteria,Acidobacteriia,Acidobacteriales,0.000018,0.000058,0.000055,0.000032,0.000163,0.000047,0.00007,0.000016,0.000011,0,0.000002,0.000003,0.000003,0,0.000018,0,0.000018,0.000001,0.000001,0.000002,0,0.000001,0.000009,0.000003,0.000001,0,0.000004,0.000005,0.000029,0.000014,0.000031,0.00002,0.000011,0.000018,0.000004,0.000003,0.000016,0.000012,0.000016,0.000001,0.000001,0,0.000016,0.000022,0.000018,0.000029,0.000035,0.000008,0.000029,0.000004,0.000013,0.00001,0.000029,0.000059,0.000023,0.00001,0.000002,0.000011,0.000024,0.000029,0.000032,0.000001
2037,Actinomycetales,Bacteria,Actinobacteria,Actinobacteria,Actinomycetales,0.004048,0.018046,0.006568,0.003926,0.110719,0.002669,0.008571,0.002155,0.001267,0.016987,0.005779,0.00592,0.004101,0.002546,0.002239,0.009549,0.001146,0.004706,0.008668,0.011473,0.023438,0.077747,0.10201,0.000936,0.00026,0.00163,0.001284,0.000388,0.000843,0.000523,0.000962,0.000596,0.00032,0.001318,0.000227,0.000395,0.00042,0.000511,0.00089,0.000158,0.000151,0.00002,0.000572,0.001225,0.000759,0.001699,0.002098,0.000529,0.000913,0.000221,0.000574,0.000566,0.000949,0.001347,0.001024,0.000353,0.000128,0.000465,0.002216,0.001343,0.001247,0.000256
135624,Aeromonadales,Bacteria,Proteobacteria,Gammaproteobacteria,Aeromonadales,0.000072,0.000154,0.000164,0.000156,0.000357,0.000174,0.000202,0.000025,0.000014,0.000034,0.000019,0.000016,0.000037,0.00004,0.000023,0.000028,0.000019,0.000039,0.00002,0.000034,0.000029,0.000029,0.00012,0.000058,0.000009,0.000158,0.000028,0.00004,0.000098,0.000056,0.000243,0.000089,0.000073,0.000134,0.000041,0.000021,0.000055,0.000102,0.000166,0.000007,0.000034,0.000003,0.000106,0.000196,0.000131,0.000364,0.000176,0.000094,0.000168,0.000041,0.000083,0.000037,0.000306,0.000425,0.000101,0.000057,0.000029,0.000055,0.000129,0.000133,0.000179,0.000012
5338,Agaricales,Eukaryota,Basidiomycota,Agaricomycetes,Agaricales,0,0,0,0,0.000001,0,0,0,0,0,0,0,0.000001,0,0,0,0,0,0,0,0,0,0,0,0.000023,0,0,0,0,0,0,0,0,0,0,0,0,0,0,0,0,0,0,0,0,0,0,0,0,0,0,0,0,0.000002,0,0,0,0,0,0,0,0
135622,Alteromonadales,Bacteria,Proteobacteria,Gammaproteobacteria,Alteromonadales,0.000082,0.000158,0.000181,0.000161,0.000377,0.000144,0.00018,0.000025,0.000015,0.000026,0.000023,0.000023,0.000045,0.00002,0.000018,0.000013,0.000024,0.000016,0.000016,0.00003,0.00002,0.000046,0.000414,0.000171,0.000003,0.000035,0.000121,0.000169,0.000128,0.000082,0.000219,0.000121,0.000085,0.000287,0.000038,0.000026,0.000106,0.000162,0.00015,0.000026,0.000074,0.00001,0.000149,0.000196,0.000118,0.000218,0.000258,0.000102,0.000257,0.000041,0.000114,0.000067,0.000416,0.000816,0.000332,0.000047,0.000039,0.000058,0.000126,0.00018,0.000208,0.000042
292629,Anaerolineales,Bacteria,Chloroflexi,Anaerolineae,Anaerolineales,0.000008,0.000021,0.000021,0.000015,0.00004,0.000021,0.000025,0.000001,0,0.000001,0.000001,0.000001,0.000001,0.000003,0.000001,0,0.000001,0,0.000001,0.000001,0.000001,0.000001,0.000008,0,0,0,0.000001,0.000001,0.00001,0.000005,0.000012,0.000013,0.000003,0.000011,0.000001,0.000001,0.000003,0.000007,0.00001,0,0.000006,0,0.000005,0.000011,0.000009,0.000017,0.000027,0.000005,0.000011,0.000003,0.000007,0.000002,0.000008,0.000012,0.000009,0.000005,0.000007,0.000006,0.000011,0.000021,0.000018,0.000004
32069,Aquificales,Bacteria,Aquificae,Aquificae,Aquificales,0.0001,0.000077,0.000078,0.000163,0.000106,0.000118,0.000077,0.000005,0.000002,0.00001,0.000008,0.000008,0.000036,0.00001,0.000004,0.000007,0.000003,0.000014,0.000002,0.000017,0.000005,0.000031,0.000061,0.000051,0.000005,0.000008,0.000027,0.000035,0.000109,0.000191,0.000353,0.000197,0.000127,0.000632,0.000023,0.000012,0.000072,0.000273,0.000577,0.000016,0.000011,0.000003,0.000093,0.000435,0.000241,0.000188,0.000346,0.000071,0.000277,0.000036,0.000133,0.000031,0.000094,0.000333,0.000734,0.000032,0.000011,0.000047,0.000096,0.000334,0.000174,0.000007
2231,Archaeoglobales,Archaea,Euryarchaeota,Archaeoglobi,Archaeoglobales,0.000004,0.000005,0.000008,0.000007,0.000015,0.000006,0.000007,0.000003,0.000002,0,0,0,0,0,0.000003,0,0.000003,0,0,0,0,0,0.000006,0,0,0,0,0.000002,0.000003,0.000002,0.000003,0.000005,0.000002,0.000007,0.000002,0,0.000001,0.000004,0.000005,0.000001,0,0,0.000003,0.000014,0.000008,0.00001,0.000016,0.000002,0.000014,0.000001,0.000003,0.000001,0.000003,0.000003,0.000009,0.000002,0,0.000002,0.000003,0.000005,0.000005,0.000001
1385,Bacillales,Bacteria,Firmicutes,Bacilli,Bacillales,0.014286,0.003323,0.005094,0.006036,0.005931,0.002795,0.003296,0.000851,0.000358,0.000829,0.000598,0.000629,0.003089,0.00095,0.000629,0.001017,0.000465,0.001606,0.000429,0.001742,0.000446,0.002475,0.208344,0.00145,0.00318,0.006888,0.001167,0.001289,0.001423,0.001485,0.006848,0.004893,0.001872,0.006438,0.000657,0.000318,0.001652,0.006021,0.007393,0.000213,0.000264,0.00009,0.002323,0.006711,0.002902,0.003617,0.007466,0.001132,0.00427,0.000862,0.002135,0.000445,0.002191,0.005281,0.004424,0.000512,0.000299,0.000923,0.002614,0.004512,0.003235,0.000299
171549,Bacteroidales,Bacteria,Bacteroidetes,Bacteroidia,Bacteroidales,0.049878,0.034798,0.06258,0.045406,0.060553,0.367003,0.074857,0.01243,0.031993,0.004138,0.002207,0.000778,0.001281,0.007414,0.00068,0.001184,0.149586,0.00279,0.016101,0.002809,0.007928,0.022989,0.07291,0.583023,0.129316,0.202564,0.323019,0.724988,0.871235,0.759816,0.511093,0.815559,0.78491,0.344029,0.920524,0.945177,0.84986,0.643401,0.554529,0.952102,0.933857,0.966696,0.719143,0.201043,0.579183,0.272284,0.251517,0.454598,0.158694,0.647355,0.613811,0.886713,0.708728,0.671694,0.224933,0.810287,0.897327,0.694745,0.466098,0.55526,0.662798,0.8977
1100069,Bacteroidetes Order II. Incertae sedis,Bacteria,Bacteroidetes,none,Bacteroidetes Order II. Incertae sedis,0.000029,0.00007,0.000065,0.00004,0.0002,0.000087,0.000101,0.000006,0.000004,0.000003,0.000002,0.000002,0.000002,0,0.000006,0,0.000006,0,0.000003,0.000001,0.000003,0.000001,0.000004,0,0.000002,0,0,0,0.00008,0.000027,0.00004,0.000023,0.000008,0.000021,0.000006,0.000003,0.000022,0.000017,0.000018,0.000002,0.000003,0.000001,0.000027,0.000028,0.000016,0.000022,0.000063,0.000008,0.000019,0.000003,0.000023,0.000026,0.000044,0.000033,0.000008,0.000024,0.000005,0.000011,0.000106,0.00004,0.00006,0.000001
213481,Bdellovibrionales,Bacteria,Proteobacteria,Deltaproteobacteria,Bdellovibrionales,0.000007,0.000009,0.000012,0.000013,0.000022,0.000011,0.000012,0.000001,0,0.000001,0.000001,0.000002,0.000008,0,0,0,0.000001,0.000002,0,0.000002,0.000001,0.000003,0.000004,0,0.000002,0.000001,0.000005,0.000003,0.00001,0.000007,0.000025,0.000014,0.000008,0.000031,0.000002,0,0.000005,0.000013,0.000021,0.000001,0.000018,0,0.000018,0.000024,0.000015,0.000011,0.000026,0.000009,0.000012,0.000002,0.000007,0.000003,0.00002,0.000068,0.000028,0.000002,0.000001,0.000004,0.000009,0.000012,0.000021,0.000001
85004,Bifidobacteriales,Bacteria,Actinobacteria,Actinobacteria,Bifidobacteriales,0.007797,0.016318,0.013345,0.004285,0.149129,0.005304,0.005988,0.133948,0.077081,0.044644,0.622762,0.571289,0.28468,0.000336,0.197765,0.001797,0.040165,0.025185,0.136405,0.011837,0.221957,0.069745,0.003304,0.00017,0.00001,0.000082,0.000301,0.000076,0.000668,0.000555,0.001014,0.002451,0.000934,0.002669,0.000223,0.000753,0.001035,0.000652,0.002872,0.000774,0.000945,0.000394,0.000604,0.003886,0.001162,0.003052,0.004976,0.001107,0.002254,0.002698,0.00117,0.000335,0.000796,0.001339,0.017132,0.023595,0.000709,0.001216,0.010036,0.005994,0.010445,0.000142
80840,Burkholderiales,Bacteria,Proteobacteria,Betaproteobacteria,Burkholderiales,0.00564,0.001296,0.001488,0.002391,0.005339,0.002303,0.005151,0.00187,0.006164,0.000079,0.000125,0.000144,0.000242,0.000035,0.000326,0.000025,0.024084,0.000161,0.000883,0.000062,0.000121,0.000146,0.012409,0.004819,0.000971,0.00012,0.002515,0.003943,0.024756,0.047681,0.00765,0.005181,0.007655,0.001645,0.0038,0.00328,0.001788,0.0054,0.001906,0.01121,0.008167,0.013724,0.000405,0.001895,0.001935,0.001065,0.002505,0.030429,0.002461,0.015307,0.003429,0.034939,0.038244,0.009436,0.000312,0.030875,0.003377,0.002243,0.000658,0.004172,0.001493,0.000082
475963,Caldilineales,Bacteria,Chloroflexi,Caldilineae,Caldilineales,0.000006,0.000023,0.00002,0.000014,0.000053,0.000018,0.000025,0.000002,0.000001,0,0.000001,0.000001,0.000001,0,0.000002,0,0.000002,0,0,0.000002,0,0,0,0.000001,0,0,0,0.000001,0.000005,0.000003,0.000008,0.000007,0.000007,0.000005,0.000001,0,0.000004,0.000004,0.000009,0,0,0,0.000008,0.000005,0.000007,0.000009,0.000012,0.000002,0.000009,0.000002,0.000003,0.000001,0.000007,0.000006,0.000001,0.000003,0.000001,0.000002,0.000006,0.00001,0.000017,0
693072,Caldisericales,Bacteria,Caldiserica,Caldisericia,Caldisericales,0.000011,0.000007,0.000009,0.000017,0.000009,0.000014,0.000009,0.000001,0.000001,0.000001,0,0,0.000003,0.00001,0.000001,0.000009,0,0,0.000001,0.000002,0.000001,0.000002,0,0.000003,0,0,0,0.000003,0.000007,0.000013,0.000021,0.000021,0.000009,0.000046,0.000002,0.000002,0.000007,0.000022,0.000054,0.000001,0.000002,0.000001,0.000008,0.00004,0.00002,0.000017,0.000037,0.000006,0.000021,0.000003,0.000009,0.000001,0.000005,0.000026,0.000023,0.000002,0.000001,0.000004,0.000011,0.000026,0.000018,0.000001
213849,Campylobacterales,Bacteria,Proteobacteria,Epsilonproteobacteria,Campylobacterales,0.000582,0.000405,0.000637,0.000646,0.000421,0.000453,0.000362,0.000051,0.000034,0.000053,0.000056,0.000059,0.000193,0.000109,0.00004,0.000101,0.000046,0.000222,0.000031,0.000135,0.000033,0.000138,0.00299,0.000464,0.000124,0.000062,0.000405,0.000369,0.000366,0.000418,0.001263,0.000925,0.00063,0.001537,0.000142,0.000237,0.000428,0.000987,0.00195,0.000114,0.000111,0.000031,0.000427,0.001146,0.00062,0.000846,0.001119,0.000359,0.000814,0.000428,0.000646,0.000255,0.000905,0.001577,0.001543,0.000206,0.000253,0.000493,0.000816,0.000686,0.000809,0.000132
135615,Cardiobacteriales,Bacteria,Proteobacteria,Gammaproteobacteria,Cardiobacteriales,0.00004,0.000053,0.000093,0.000113,0.000307,0.000102,0.000162,0.000024,0.000017,0.000002,0.000003,0.000002,0.000003,0.000001,0.000021,0.000001,0.000023,0.000006,0.000001,0.000002,0.000001,0.000002,0.00003,0.000009,0,0,0.000017,0.000016,0.000037,0.000019,0.000049,0.000034,0.000013,0.000044,0.000005,0.000003,0.00001,0.00002,0.000022,0.000001,0.000015,0.000002,0.00003,0.000024,0.000018,0.000143,0.000144,0.000017,0.000014,0.000004,0.000021,0.000026,0.00015,0.000354,0.00003,0.000011,0.000003,0.00001,0.000064,0.000035,0.000059,0.000004
204458,Caulobacterales,Bacteria,Proteobacteria,Alphaproteobacteria,Caulobacterales,0.000037,0.0001,0.000096,0.000057,0.000272,0.000094,0.000128,0.00002,0.000013,0.000004,0.000003,0.000004,0.000004,0,0.000021,0.000001,0.00002,0.000005,0.000004,0.000003,0.000008,0.000007,0.000103,0.000001,0.000001,0.000001,0.000001,0.000001,0.000057,0.000021,0.000038,0.000023,0.000027,0.000034,0.000004,0.00001,0.000014,0.000013,0.000025,0.000001,0.000034,0,0.00003,0.000031,0.000023,0.00004,0.000064,0.000047,0.00004,0.000004,0.000024,0.000017,0.000318,0.000614,0.000018,0.000019,0.000003,0.000012,0.000069,0.000038,0.000111,0.000003
205948,Cenarchaeales,Archaea,Thaumarchaeota,none,Cenarchaeales,0,0.000001,0.000001,0.000001,0.000005,0.000002,0.000001,0,0,0,0,0,0.000001,0,0,0,0,0,0,0,0,0,0,0,0,0,0,0,0,0,0,0.000001,0,0,0,0,0,0.000003,0.000001,0,0,0,0,0.000001,0.000002,0.000003,0.000001,0,0,0,0.000001,0,0.000002,0.000001,0.000001,0,0,0.000001,0.000002,0.000004,0,0
658125,Chattonellales,Eukaryota,none,Raphidophyceae,Chattonellales,0.000001,0,0.000001,0.000002,0.000004,0,0.000002,0.000001,0,0,0,0,0.000001,0.000001,0,0,0.000001,0.000001,0,0,0,0,0,0,0,0,0,0,0,0,0.000001,0,0,0,0,0,0.000192,0,0,0,0,0,0.000349,0,0.000017,0,0,0,0,0,0.000085,0,0.000276,0.000005,0,0,0,0.000017,0,0,0,0
51291,Chlamydiales,Bacteria,Chlamydiae,Chlamydiia,Chlamydiales,0.000022,0.000017,0.000021,0.000035,0.000041,0.000023,0.000019,0.000003,0.000002,0.000003,0.000005,0.000004,0.000016,0.000004,0.000002,0.000003,0.000002,0.000013,0.000001,0.00001,0.000003,0.000011,0.00023,0.000002,0,0.000002,0.000005,0.000007,0.000025,0.000077,0.000074,0.000065,0.000025,0.000068,0.000008,0.000002,0.00002,0.000062,0.000091,0.000002,0.000011,0.000001,0.000049,0.000083,0.00003,0.000041,0.000084,0.000039,0.000081,0.000006,0.000033,0.000008,0.000103,0.000214,0.000044,0.000007,0.000003,0.000014,0.000031,0.000058,0.000066,0.000003
3042,Chlamydomonadales,Eukaryota,Chlorophyta,Chlorophyceae,Chlamydomonadales,0,0,0,0,0,0,0,0,0,0,0,0,0,0,0,0,0,0,0,0,0,0,0,0,0,0,0,0,0,0,0.000022,0,0,0,0,0,0.000079,0,0,0,0,0,0.000151,0,0,0,0,0,0,0,0.000024,0,0.000119,0.000009,0,0.000001,0,0.000025,0,0,0,0
35460,Chlorellales,Eukaryota,Chlorophyta,Trebouxiophyceae,Chlorellales,0.000049,0.000001,0.000005,0.000003,0.000005,0.000003,0.000002,0.000003,0.000003,0.000004,0.000001,0,0.000001,0,0.000002,0,0.000001,0.000064,0,0,0,0.000302,0,0,0,0,0.000045,0,0,0,0,0,0.000025,0,0.00002,0,0.000109,0,0.000003,0.000002,0,0,0.000269,0,0.000027,0.000004,0,0,0,0,0.000012,0,0.000148,0,0,0,0,0.000003,0,0,0.000004,0
191411,Chlorobiales,Bacteria,Chlorobi,Chlorobia,Chlorobiales,0.000059,0.000163,0.000166,0.000107,0.000315,0.000151,0.000161,0.000018,0.000012,0.000012,0.000008,0.000012,0.000014,0.000001,0.000016,0.000003,0.000017,0.00001,0.000008,0.000008,0.000009,0.00001,0.000128,0.000006,0.000009,0,0.000004,0.000005,0.000258,0.000081,0.000205,0.000145,0.00011,0.000155,0.000088,0.000017,0.000068,0.000075,0.000083,0.000005,0.000064,0.000006,0.000132,0.000121,0.000096,0.000119,0.000203,0.000069,0.000165,0.000022,0.000094,0.000046,0.000264,0.000292,0.00028,0.000045,0.000024,0.000043,0.00021,0.000166,0.00021,0.000015
32064,Chloroflexales,Bacteria,Chloroflexi,Chloroflexi,Chloroflexales,0.000014,0.000048,0.000045,0.000029,0.000102,0.000035,0.000049,0.000005,0.000003,0.000004,0.000002,0.000003,0.000003,0,0.000004,0,0.000004,0.000002,0.000003,0.000002,0.000003,0.000002,0.000011,0.000002,0,0,0,0.000003,0.000017,0.000011,0.000018,0.000016,0.000009,0.000027,0.000004,0.000002,0.000005,0.000014,0.000015,0.000001,0.000002,0,0.000011,0.000025,0.000015,0.000029,0.000043,0.000009,0.000021,0.000006,0.000011,0.000007,0.000028,0.000073,0.000024,0.000008,0.000007,0.000009,0.000023,0.000029,0.000032,0.000005
135613,Chromatiales,Bacteria,Proteobacteria,Gammaproteobacteria,Chromatiales,0.000107,0.000224,0.00024,0.000187,0.000731,0.000252,0.000338,0.000025,0.000018,0.000015,0.000009,0.000011,0.000012,0.000003,0.000036,0.000001,0.000028,0.000007,0.000013,0.000006,0.000021,0.000011,0.000097,0.00004,0.000012,0.000002,0.00002,0.000031,0.000109,0.000055,0.000103,0.000064,0.000036,0.000097,0.000016,0.000018,0.000047,0.000039,0.00007,0.000005,0.000025,0.000001,0.000068,0.000083,0.000074,0.000114,0.000158,0.000053,0.000079,0.000013,0.000052,0.000044,0.000229,0.000419,0.000105,0.000038,0.000019,0.000045,0.00013,0.000116,0.000164,0.000011
96792,Chromulinales,Eukaryota,none,Chrysophyceae,Chromulinales,0,0,0,0.000006,0.000006,0.000004,0.000003,0.000001,0,0,0,0,0,0,0,0,0.000001,0,0,0,0,0,0,0,0,0,0,0,0,0,0,0,0,0,0,0,0.000308,0.000002,0.000022,0,0,0,0.000802,0,0.00005,0,0,0,0,0,0.000122,0,0.00044,0,0,0,0,0.000047,0,0,0,0
1118,Chroococcales,Bacteria,Cyanobacteria,none,Chroococcales,0.000102,0.000209,0.00021,0.000164,0.000539,0.00021,0.000247,0.000042,0.000028,0.000016,0.000019,0.000028,0.000052,0.000006,0.000041,0.000005,0.000038,0.000012,0.000012,0.000016,0.000014,0.000027,0.000291,0.000029,0.000001,0.000006,0.000054,0.000033,0.000129,0.00009,0.000213,0.00014,0.000085,0.000166,0.000022,0.000014,0.000079,0.000124,0.000189,0.000008,0.000021,0.000003,0.000101,0.00022,0.000108,0.000176,0.000243,0.000079,0.00012,0.00003,0.000087,0.000045,0.000213,0.000347,0.000098,0.00004,0.000024,0.000059,0.000184,0.000187,0.000189,0.00002
189769,Chrysiogenales,Bacteria,Chrysiogenetes,Chrysiogenetes,Chrysiogenales,0.000008,0.000024,0.000023,0.00002,0.000116,0.000028,0.000035,0.000001,0.000001,0,0.000001,0.000001,0.000002,0,0,0,0.000001,0.000001,0,0,0,0,0,0.000001,0,0,0.000001,0.000001,0.000015,0.000007,0.000014,0.000006,0.000008,0.000008,0.000003,0.000002,0.000002,0.000008,0.000006,0,0.000003,0,0.000007,0.000012,0.000007,0.000034,0.000018,0.000004,0.000017,0.000002,0.000006,0.000003,0.000023,0.000054,0.000003,0.000005,0.000001,0.000005,0.00001,0.000011,0.000016,0.000001
186802,Clostridiales,Bacteria,Firmicutes,Clostridia,Clostridiales,0.389564,0.6277,0.676383,0.663574,0.402947,0.380917,0.581478,0.100279,0.052597,0.578723,0.323099,0.328373,0.540575,0.787282,0.181362,0.697503,0.061505,0.529416,0.514993,0.713083,0.271059,0.501437,0.288368,0.262239,0.007912,0.015661,0.215555,0.114299,0.077572,0.162523,0.343676,0.116161,0.176534,0.511435,0.062041,0.04275,0.081622,0.279076,0.347767,0.011481,0.044703,0.010232,0.134334,0.704799,0.358282,0.538408,0.575196,0.42698,0.658568,0.253089,0.274928,0.056542,0.187583,0.219799,0.652398,0.098816,0.075466,0.225933,0.19291,0.320431,0.253142,0.047718
84999,Coriobacteriales,Bacteria,Actinobacteria,Actinobacteria,Coriobacteriales,0.01727,0.09981,0.026525,0.038725,0.070225,0.02781,0.026254,0.021043,0.016421,0.293808,0.004534,0.009291,0.01086,0.000852,0.027042,0.002906,0.022421,0.168446,0.248463,0.084845,0.436653,0.149099,0.000133,0.000111,0.000002,0.000007,0.000204,0.00012,0.001217,0.003599,0.001549,0.001078,0.000749,0.002138,0.000215,0.000403,0.000909,0.001249,0.003851,0.000316,0.000066,0.000066,0.006084,0.004904,0.005304,0.004822,0.008775,0.001301,0.004206,0.001724,0.002135,0.00061,0.000868,0.001405,0.001713,0.004578,0.001086,0.001029,0.009014,0.009395,0.005115,0.000261
768507,Cytophagales,Bacteria,Bacteroidetes,Cytophagia,Cytophagales,0.00004,0.000058,0.000064,0.000066,0.000098,0.000115,0.000061,0.000007,0.000005,0.000006,0.000007,0.000007,0.000021,0.000007,0.000004,0.000005,0.000013,0.000007,0.000004,0.000015,0.000004,0.000013,0.000506,0.000028,0.000001,0.000004,0.000024,0.000024,0.000263,0.000142,0.000269,0.000126,0.000174,0.000168,0.000067,0.000061,0.000196,0.000125,0.000144,0.00006,0.000071,0.000031,0.000172,0.000125,0.0001,0.000101,0.000136,0.000063,0.000119,0.000035,0.000231,0.000179,0.000332,0.00029,0.00006,0.000086,0.000113,0.000069,0.000171,0.000218,0.000196,0.000038
191393,Deferribacterales,Bacteria,Deferribacteres,Deferribacteres,Deferribacterales,0.000052,0.000032,0.000038,0.000068,0.000037,0.00005,0.000032,0.000002,0.000001,0.000002,0.000003,0.000002,0.000012,0.000004,0.000001,0.000006,0.000001,0.000015,0.000002,0.000005,0.000001,0.000006,0.000035,0.000007,0,0.000002,0.000008,0.000026,0.000049,0.000061,0.000153,0.000098,0.000046,0.000233,0.00001,0.000009,0.000052,0.000105,0.000188,0.000003,0.000011,0.000002,0.000057,0.000145,0.000089,0.000069,0.000173,0.000036,0.000176,0.00002,0.000055,0.00001,0.000088,0.000205,0.000138,0.000011,0.000005,0.000026,0.000074,0.000099,0.000085,0.000007
1202465,Dehalococcoidales,Bacteria,Chloroflexi,Dehalococcoidia,Dehalococcoidales,0.000097,0.000148,0.000144,0.000121,0.000265,0.00013,0.000157,0.000021,0.000012,0.000001,0.000004,0.000005,0.000008,0.000006,0.000009,0.000006,0.000017,0.000004,0.000001,0.000003,0,0.000003,0.000019,0.000006,0,0,0.000002,0.000002,0.000049,0.000035,0.000097,0.000027,0.000031,0.000152,0.000016,0.00003,0.000017,0.000059,0.000057,0.000015,0.00001,0.000001,0.000064,0.000131,0.000066,0.000163,0.000106,0.000083,0.000151,0.000029,0.000059,0.00001,0.00009,0.000079,0.000228,0.00001,0.000006,0.000029,0.000026,0.000077,0.000131,0.00001
118964,Deinococcales,Bacteria,Deinococcus-Thermus,Deinococci,Deinococcales,0.000059,0.000158,0.000138,0.000089,0.000466,0.000147,0.000221,0.000016,0.000012,0.000004,0.000011,0.000008,0.000009,0,0.000023,0.000001,0.000018,0.000003,0.000003,0.000001,0.000007,0.000004,0,0.000003,0,0.000001,0.000002,0.000002,0.000062,0.00003,0.000068,0.000053,0.000015,0.000044,0.000007,0.000007,0.000019,0.000021,0.00004,0.000002,0.000004,0.000001,0.000033,0.000057,0.000044,0.000079,0.000129,0.000018,0.00004,0.000007,0.000035,0.000025,0.00006,0.000112,0.000007,0.000027,0.000009,0.00002,0.000073,0.000081,0.000112,0.000005
453227,Desulfarculales,Bacteria,Proteobacteria,Deltaproteobacteria,Desulfarculales,0.000021,0.000046,0.000041,0.000029,0.000136,0.000047,0.000055,0.000002,0.000001,0,0.000004,0.000002,0.000006,0,0.000003,0,0.000002,0,0,0,0,0,0,0,0,0,0,0.000001,0.000016,0.000009,0.000012,0.00001,0.000005,0.000012,0.000002,0.000002,0.000004,0.000008,0.000009,0.000001,0.000002,0,0.000007,0.000011,0.000009,0.000012,0.000021,0.000003,0.000013,0.000001,0.000008,0.000007,0.000013,0.000024,0.000003,0.000004,0.000001,0.000005,0.000024,0.00002,0.000026,0.000001
213118,Desulfobacterales,Bacteria,Proteobacteria,Deltaproteobacteria,Desulfobacterales,0.000049,0.000121,0.000133,0.000101,0.000394,0.000124,0.000149,0.000012,0.000007,0.000003,0.000009,0.000013,0.000015,0.000006,0.000011,0.000005,0.000012,0.000007,0.000002,0.000007,0.000004,0.000007,0.00003,0.000007,0.000007,0,0.000002,0.000008,0.000067,0.000045,0.000087,0.000049,0.000027,0.000064,0.000013,0.000015,0.000026,0.000038,0.00005,0.000005,0.000011,0.000002,0.000051,0.000076,0.000053,0.000092,0.000105,0.000039,0.000106,0.000013,0.000045,0.00003,0.000134,0.000231,0.000072,0.000026,0.000019,0.000024,0.000055,0.000092,0.000106,0.000009
213115,Desulfovibrionales,Bacteria,Proteobacteria,Deltaproteobacteria,Desulfovibrionales,0.002414,0.00098,0.000884,0.001353,0.002976,0.002425,0.004774,0.000053,0.00003,0.000075,0.000028,0.000032,0.000048,0.000002,0.00005,0.000002,0.000051,0.000027,0.000022,0.000039,0.000041,0.000367,0.000031,0.000475,0.000003,0.000026,0.000319,0.001096,0.000289,0.000283,0.000504,0.000844,0.000355,0.000464,0.000193,0.000083,0.000186,0.000371,0.00123,0.000019,0.000145,0.000019,0.000558,0.001069,0.001984,0.00036,0.000748,0.001446,0.000551,0.000055,0.000745,0.000628,0.000795,0.000658,0.000431,0.001023,0.001018,0.000725,0.000547,0.000365,0.000908,0.000038
213113,Desulfurellales,Bacteria,Proteobacteria,Deltaproteobacteria,Desulfurellales,0.000005,0.000012,0.000011,0.000013,0.000014,0.000019,0.000009,0.000001,0,0,0,0.000001,0,0,0.000001,0,0,0.000001,0,0,0,0,0.000008,0.000008,0,0,0.000003,0.000003,0.000013,0.000013,0.000031,0.00001,0.000005,0.000055,0.000003,0.000001,0.000006,0.000027,0.000013,0.000001,0.000004,0.000001,0.000012,0.00003,0.000015,0.00002,0.000017,0.000006,0.000032,0.000005,0.000012,0.000002,0.000037,0.000129,0.000032,0.000004,0.000001,0.000006,0.000008,0.000026,0.000016,0.000002
114380,Desulfurococcales,Archaea,Crenarchaeota,Thermoprotei,Desulfurococcales,0.000006,0.00001,0.00001,0.000009,0.000017,0.000008,0.000012,0.000001,0.000001,0.000001,0.000001,0.000002,0.000005,0,0.000001,0,0.000001,0,0.000001,0.000001,0.000001,0.000002,0.000009,0.000005,0,0,0.000001,0.000002,0.000005,0.000004,0.000012,0.000011,0.000002,0.000031,0.000002,0,0.000004,0.000012,0.000017,0.000001,0.000001,0,0.000008,0.00001,0.000008,0.000009,0.000025,0.000003,0.000015,0.000003,0.000002,0.000002,0.000007,0.000008,0.000027,0.000002,0,0.000002,0.000002,0.000005,0.000014,0.000001
69541,Desulfuromonadales,Bacteria,Proteobacteria,Deltaproteobacteria,Desulfuromonadales,0.000118,0.000269,0.000276,0.000194,0.000772,0.000268,0.000337,0.000027,0.000017,0.000008,0.00001,0.000013,0.000015,0.000002,0.000026,0.000002,0.000027,0.00001,0.000007,0.00001,0.000009,0.000008,0.000048,0.000018,0,0.000008,0.000008,0.000016,0.000141,0.000068,0.000151,0.000107,0.000064,0.000124,0.000025,0.000018,0.000051,0.000064,0.0001,0.000007,0.00002,0.000001,0.000093,0.000126,0.000095,0.000158,0.00025,0.000069,0.000155,0.000024,0.000071,0.000051,0.000222,0.000366,0.000091,0.000047,0.000017,0.000055,0.000119,0.000172,0.000193,0.000017
203487,Dictyoglomales,Bacteria,Dictyoglomi,Dictyoglomia,Dictyoglomales,0.000036,0.000023,0.000023,0.000055,0.00002,0.000032,0.000018,0.000002,0.000001,0.000009,0.000009,0.000005,0.000019,0.000008,0.000002,0.000006,0.000002,0.000018,0.000004,0.000012,0.000003,0.000014,0.000042,0.000021,0,0.000002,0.000025,0.000034,0.000021,0.000035,0.00015,0.000091,0.00005,0.000201,0.000009,0.000007,0.000041,0.000099,0.000247,0.000005,0.000002,0.000004,0.00003,0.000143,0.000071,0.000046,0.00017,0.000023,0.000075,0.00002,0.00005,0.000007,0.000037,0.000111,0.000128,0.000011,0.00001,0.000018,0.000054,0.000086,0.000047,0.00001
33083,Dictyosteliida,Eukaryota,none,none,Dictyosteliida,0.000069,0.000016,0.000019,0.000056,0.00001,0.000038,0.00002,0.000002,0.000001,0.000004,0.000031,0.000006,0.000052,0.000004,0.000001,0.000002,0.000001,0.000007,0.000002,0.000008,0.000002,0.000014,0.000148,0.000025,0.000006,0.000022,0.000031,0.000017,0.000007,0.000031,0.000089,0.000382,0.000026,0.000296,0.000038,0.000093,0.000123,0.000066,0.000065,0.000006,0,0,0.000291,0.000089,0.000098,0.000036,0.000248,0.000009,0.000014,0.000013,0.000044,0.000003,0.000161,0.00008,0.00021,0.000001,0.000014,0.000022,0.000049,0.000029,0.000009,0.000001
2873,Dictyotales,Eukaryota,Phaeophyceae,none,Dictyotales,0.000001,0.000001,0.000051,0.00001,0.000002,0,0.000098,0,0,0,0,0,0,0,0,0,0,0,0,0,0,0,0,0,0,0,0,0,0,0,0,0,0,0,0,0,0.000081,0,0,0,0,0,0.00006,0,0.000015,0,0,0,0,0,0.000021,0,0.000086,0.000007,0,0,0,0,0,0.000013,0,0
2877,Ectocarpales,Eukaryota,Phaeophyceae,none,Ectocarpales,0.000002,0,0,0,0.000004,0.000001,0.000001,0,0,0.000002,0,0,0,0,0,0,0,0,0,0,0,0,0,0,0,0,0,0,0,0,0,0,0,0,0,0,0.000066,0,0,0,0,0,0.000268,0,0.000011,0,0,0,0,0,0.000037,0,0.000171,0,0,0,0,0.00001,0,0,0,0
641854,Elusimicrobiales,Bacteria,Elusimicrobia,Elusimicrobia,Elusimicrobiales,0.000009,0.000012,0.000011,0.000016,0.000039,0.000019,0.000017,0.000003,0.000002,0.000002,0,0,0,0,0.000001,0,0.000002,0.000001,0,0.000004,0.000001,0.000002,0.000008,0.000003,0,0,0.000002,0.000002,0.000015,0.000023,0.000039,0.000086,0.000011,0.000122,0.000002,0.000002,0.000006,0.000024,0.000021,0,0.00001,0,0.000031,0.000035,0.000033,0.00002,0.000075,0.000015,0.000032,0.000003,0.000008,0.000001,0.000072,0.000225,0.000077,0.000002,0.000001,0.00001,0.000012,0.000021,0.000035,0.000001
91347,Enterobacteriales,Bacteria,Proteobacteria,Gammaproteobacteria,Enterobacteriales,0.116809,0.117521,0.103374,0.069833,0.012134,0.036271,0.162479,0.011313,0.005957,0.001702,0.001144,0.003381,0.000268,0.06344,0.003014,0.002822,0.003833,0.013649,0.00038,0.00057,0.000355,0.003487,0.13319,0.062914,0.851784,0.756804,0.343068,0.088274,0.000489,0.00046,0.001455,0.001429,0.000375,0.001212,0.000257,0.000162,0.000444,0.000797,0.008765,0.001949,0.000948,0.00029,0.002178,0.001649,0.000633,0.000746,0.001132,0.000407,0.000942,0.000287,0.001101,0.000214,0.001317,0.002881,0.003685,0.000202,0.000173,0.001375,0.000893,0.001695,0.002113,0.001306
186328,Entomoplasmatales,Bacteria,Tenericutes,Mollicutes,Entomoplasmatales,0.000056,0.000032,0.000041,0.000082,0.000061,0.000072,0.000048,0.000006,0.000003,0.000018,0.000003,0.000002,0.000077,0.000005,0.000003,0.000005,0.000003,0.000003,0.000003,0.000034,0.000012,0.000072,0.000058,0.00002,0,0.000002,0.00001,0.000018,0.000066,0.00009,0.000937,0.000644,0.00013,0.000338,0.000003,0.000001,0.00013,0.000582,0.000423,0,0.000001,0.000001,0.000205,0.000409,0.000129,0.000041,0.00058,0.000012,0.000094,0.000015,0.000114,0.000006,0.000032,0.000487,0.000055,0.000008,0.000001,0.000006,0.000216,0.000331,0.000206,0.000002
526525,Erysipelotrichales,Bacteria,Firmicutes,Erysipelotrichi,Erysipelotrichales,0.055928,0.015149,0.015437,0.01796,0.0118,0.011837,0.00906,0.004263,0.001854,0.013261,0.010984,0.016123,0.037403,0.002617,0.011534,0.031125,0.001511,0.055427,0.00704,0.032335,0.0072,0.033258,0.027796,0.038327,0.002023,0.003057,0.013841,0.036941,0.002588,0.003891,0.055667,0.006347,0.003894,0.014777,0.002093,0.000804,0.00489,0.015558,0.015392,0.0005,0.001858,0.000488,0.005012,0.020768,0.010152,0.020302,0.020588,0.010307,0.030029,0.018134,0.017704,0.00175,0.011541,0.008238,0.024244,0.00231,0.001687,0.005669,0.009601,0.008737,0.006812,0.004086
5042,Eurotiales,Eukaryota,Ascomycota,Eurotiomycetes,Eurotiales,0.000005,0.000025,0.000012,0.000002,0.000007,0.000007,0.000004,0,0,0,0.000001,0,0.000006,0,0,0.000094,0,0.000005,0,0.000001,0,0.000039,0.000025,0.000001,0,0.000005,0.000002,0,0.000002,0,0.000002,0.000005,0,0.000014,0,0.000026,0.000002,0.000001,0.000002,0,0,0,0.000004,0.000002,0.000012,0.000025,0.000002,0.000019,0.000031,0,0.000005,0,0.000029,0.000007,0.000001,0,0,0,0.000001,0.000002,0.000001,0
685948,Fervidicoccales,Archaea,Crenarchaeota,Thermoprotei,Fervidicoccales,0,0,0,0,0.000001,0.000001,0,0,0,0,0,0,0,0,0,0,0,0,0,0,0,0,0,0,0,0,0,0.000001,0,0,0.000001,0,0,0,0,0,0,0,0.000001,0,0,0,0,0.000002,0.000001,0,0,0,0.000001,0,0.000001,0,0.000001,0,0.000001,0,0,0,0,0.000001,0,0
218872,Fibrobacterales,Bacteria,Fibrobacteres,Fibrobacteria,Fibrobacterales,0.00001,0.000052,0.00005,0.000033,0.000037,0.000041,0.000049,0.000005,0.000003,0.000001,0.000004,0.000004,0.000006,0.000002,0.000005,0,0.000005,0.000014,0.000001,0.000002,0.000001,0.000002,0.000004,0.000003,0,0,0.000003,0.000001,0.000041,0.000021,0.000032,0.000016,0.000018,0.000066,0.000007,0.000005,0.000019,0.00003,0.000025,0.000001,0.000021,0.000001,0.000032,0.000034,0.000033,0.000051,0.000047,0.000018,0.000049,0.00001,0.000022,0.00001,0.000037,0.000039,0.000138,0.000012,0.000011,0.00002,0.000026,0.000046,0.000029,0.000004
200644,Flavobacteriales,Bacteria,Bacteroidetes,Flavobacteriia,Flavobacteriales,0.000459,0.000246,0.000306,0.000765,0.000454,0.001081,0.00035,0.000066,0.000047,0.000044,0.000141,0.000063,0.000136,0.000053,0.000024,0.000031,0.000156,0.000072,0.000028,0.000083,0.000028,0.000122,0.008149,0.000934,0.002517,0.007738,0.000694,0.001073,0.001515,0.001363,0.00306,0.001621,0.001521,0.001991,0.001058,0.000746,0.004507,0.001847,0.002444,0.000404,0.000733,0.000182,0.008609,0.002084,0.001351,0.000964,0.001686,0.000772,0.000806,0.000344,0.002452,0.002048,0.003178,0.002585,0.000881,0.001256,0.005721,0.001043,0.001811,0.002378,0.001495,0.001268
3009,Fucales,Eukaryota,Phaeophyceae,none,Fucales,0.000006,0,0.000004,0.000002,0.000006,0,0.000006,0,0.000001,0,0,0,0,0,0,0,0,0,0,0,0,0,0,0,0,0,0,0,0,0,0,0,0,0,0,0,0.000138,0,0,0,0,0,0.000461,0,0.000009,0,0,0,0,0,0.000075,0,0.000172,0,0,0,0,0.000016,0,0,0,0
203491,Fusobacteriales,Bacteria,Fusobacteria,Fusobacteriia,Fusobacteriales,0.066637,0.00057,0.000567,0.001903,0.000451,0.018726,0.000686,0.029622,0.012654,0.000294,0.000161,0.000111,0.000713,0.000326,0.000179,0.000215,0.020636,0.00048,0.001864,0.000598,0.000187,0.000617,0.001131,0.00122,0.000032,0.000046,0.001696,0.002127,0.000684,0.000859,0.003828,0.002148,0.000978,0.003928,0.000234,0.000078,0.000898,0.002269,0.005253,0.000123,0.000123,0.000089,0.001004,0.003982,0.001805,0.001771,0.003091,0.000593,0.001812,0.000524,0.001385,0.000185,0.001042,0.003848,0.002299,0.000205,0.006118,0.000264,0.000984,0.002044,0.001256,0.000293
713636,Gallionellales,Bacteria,Proteobacteria,Betaproteobacteria,Gallionellales,0.000008,0.000023,0.000017,0.000014,0.00005,0.000016,0.000024,0.000002,0.000001,0.000001,0.000001,0.000003,0.000003,0,0.000002,0,0.000003,0,0.000001,0.000001,0.000001,0.000001,0.000014,0.000018,0.000001,0.000002,0.000011,0.000016,0.000012,0.000009,0.000014,0.00001,0.000005,0.000019,0.000006,0.000003,0.000015,0.000006,0.000009,0,0.000004,0,0.000008,0.000011,0.000009,0.000015,0.000015,0.000016,0.000018,0.000002,0.000007,0.000005,0.000039,0.000081,0.000025,0.000003,0.000004,0.000005,0.000008,0.000013,0.000023,0.000001
219686,Gemmatimonadales,Bacteria,Gemmatimonadetes,Gemmatimonadetes,Gemmatimonadales,0.000004,0.000009,0.000008,0.000005,0.000018,0.000011,0.000009,0.000001,0,0,0,0,0.000001,0,0.000001,0,0,0,0,0,0,0,0.000003,0,0,0,0,0,0.000006,0.000003,0.000004,0.000002,0.000001,0.000005,0.000001,0,0.000002,0.000002,0.000003,0,0,0,0.000004,0.000003,0.000003,0.000005,0.000005,0.000002,0.000002,0.000001,0.000002,0.000003,0.000007,0.000004,0.000002,0.000003,0.000001,0.000001,0.000006,0.000004,0.000006,0
307595,Gloeobacterales,Bacteria,Cyanobacteria,Gloeobacteria,Gloeobacterales,0.000004,0.000013,0.000012,0.000008,0.000039,0.000012,0.000016,0.000001,0.000001,0,0,0.000001,0,0,0.000001,0,0.000001,0,0,0,0,0,0.000009,0.000001,0,0,0,0.000001,0.000004,0.000004,0.000006,0.000006,0.000002,0.000004,0.000001,0,0.000002,0.000004,0.000003,0,0.000001,0,0.000003,0.000005,0.000004,0.00001,0.000007,0.000001,0.000005,0.000001,0.000002,0.000001,0.000006,0.000006,0.000002,0.000002,0,0.000002,0.000006,0.000007,0.000009,0
53433,Halanaerobiales,Bacteria,Firmicutes,Clostridia,Halanaerobiales,0.000183,0.000075,0.000102,0.000276,0.000103,0.000125,0.000085,0.000018,0.000011,0.000027,0.000015,0.000013,0.000071,0.000043,0.000018,0.000018,0.000014,0.000044,0.000011,0.000052,0.000011,0.000052,0.000258,0.00013,0.000007,0.000003,0.000073,0.000118,0.000121,0.000129,0.000482,0.00038,0.000136,0.0006,0.000021,0.000013,0.000114,0.000322,0.000911,0.00002,0.000021,0.000004,0.000147,0.000751,0.000258,0.000226,0.00044,0.000066,0.000298,0.000052,0.000195,0.000027,0.000159,0.000496,0.000257,0.000033,0.000019,0.000032,0.000156,0.000296,0.000189,0.000023
2235,Halobacteriales,Archaea,Euryarchaeota,Halobacteria,Halobacteriales,0.00004,0.000121,0.000138,0.000052,0.000222,0.000083,0.000162,0.000027,0.000018,0.000005,0.000005,0.000005,0.000004,0,0.000029,0.000001,0.000027,0.000004,0.000005,0.000003,0.000007,0.000006,0.00003,0.000001,0.000001,0,0.000001,0.000002,0.000035,0.000018,0.000041,0.000029,0.000008,0.000095,0.000004,0.000003,0.000017,0.000011,0.000022,0,0.000002,0,0.000027,0.000035,0.000027,0.000035,0.000085,0.000013,0.000026,0.000005,0.00002,0.000014,0.00003,0.000048,0.000019,0.000015,0.000002,0.000019,0.000042,0.000044,0.000056,0.000001
471822,Haloplasmatales,Bacteria,none,none,Haloplasmatales,0.000017,0.000017,0.000017,0.000037,0.00002,0.000031,0.000012,0.000001,0.000001,0.000009,0.000004,0.000002,0.00004,0.000004,0.000001,0.000002,0.000001,0.000007,0.000004,0.000016,0.000006,0.000024,0.00007,0.000036,0,0.000002,0.000009,0.00003,0.00002,0.000029,0.00021,0.000304,0.000057,0.00015,0.000005,0.000002,0.000036,0.000157,0.000176,0.000001,0.000001,0,0.000089,0.00018,0.000049,0.000037,0.000189,0.000009,0.000037,0.000013,0.000038,0.000004,0.000018,0.000116,0.000049,0.000005,0.000002,0.000007,0.000072,0.000085,0.000129,0.000002
6049,Haplosclerida,Eukaryota,Porifera,Demospongiae,Haplosclerida,0,0.000001,0,0,0.000001,0,0,0,0,0,0,0,0,0,0,0,0,0,0,0,0,0,0,0,0,0,0,0,0,0,0.000893,0,0.000034,0,0,0,0.000053,0,0,0,0,0,0.000184,0,0.000023,0,0,0,0,0,0.000009,0,0.000071,0,0,0,0,0.000007,0,0,0,0
61421,Harpellales,Eukaryota,none,none,Harpellales,0.000002,0,0,0,0,0,0,0,0,0,0,0,0.000001,0,0,0,0,0.000001,0,0,0,0.000001,0,0,0,0.000038,0,0,0,0,0.000006,0,0.000002,0,0,0,0,0,0.000003,0,0,0,0,0.000003,0,0,0,0,0,0,0.000016,0,0,0,0,0,0,0,0,0,0,0
189772,Herpetosiphonales,Bacteria,Chloroflexi,Chloroflexi,Herpetosiphonales,0.000002,0.000004,0.000004,0.000003,0.000006,0.000002,0.000004,0,0,0,0.000001,0.000001,0.000001,0,0,0,0,0,0,0,0,0.000001,0,0.000001,0,0,0.000001,0.000001,0.000002,0.000001,0.000002,0.000003,0.000009,0.000003,0,0,0.000002,0.000001,0.000002,0.000001,0.000001,0,0.000002,0.000003,0.000002,0.000004,0.000002,0.000002,0.000002,0,0.000001,0,0.000006,0.000004,0.000003,0.000001,0,0.000001,0.000001,0.000005,0.000004,0.000001
574975,Holophagales,Bacteria,Acidobacteria,Holophagae,Holophagales,0.000019,0.000033,0.00003,0.000024,0.000106,0.00004,0.000044,0.000003,0.000002,0,0.000001,0.000001,0.000001,0,0.000003,0,0.000003,0,0,0,0,0.000001,0,0.000003,0,0,0.000001,0.000001,0.000015,0.000007,0.000012,0.000008,0.000004,0.000013,0.000002,0.000002,0.000004,0.000007,0.000008,0,0.000019,0,0.000008,0.000008,0.000008,0.000016,0.00002,0.000005,0.000012,0.000001,0.000007,0.000005,0.000009,0.000014,0.000002,0.000004,0.000003,0.000006,0.000015,0.000016,0.00002,0.000001
119069,Hydrogenophilales,Bacteria,Proteobacteria,Betaproteobacteria,Hydrogenophilales,0.000008,0.000023,0.000026,0.000011,0.000047,0.000024,0.000036,0.000002,0.000002,0.000001,0,0.000001,0.000001,0,0.000003,0,0.000003,0,0.000001,0,0.000001,0.000001,0.000009,0.000005,0,0,0,0.000002,0.000015,0.000007,0.00001,0.000008,0.000004,0.000006,0.000002,0.000004,0.000005,0.000004,0.000005,0,0.000003,0,0.000006,0.000005,0.000007,0.000006,0.000022,0.000004,0.000004,0.000001,0.000005,0.000008,0.000037,0.000063,0,0.000004,0.000003,0.000002,0.000005,0.00001,0.000011,0.000004
31277,Hymenostomatida,Eukaryota,none,Oligohymenophorea,Hymenostomatida,0.000001,0.000001,0,0.000006,0,0.000016,0.000001,0,0,0,0,0,0.000002,0,0,0,0,0,0,0,0,0,0,0,0,0,0.000053,0,0,0,0.000011,0,0.000018,0,0,0,0.000024,0.000004,0.000012,0,0,0,0.000056,0.000087,0.000111,0,0,0,0,0.000026,0.000011,0,0.000048,0.000005,0,0,0,0.000004,0,0.000035,0,0
5125,Hypocreales,Eukaryota,Ascomycota,Sordariomycetes,Hypocreales,0.000004,0,0,0.000004,0,0.000003,0,0,0,0,0.000002,0,0,0,0.000002,0.000002,0,0,0,0,0,0.000014,0.000005,0,0,0.000002,0,0,0,0,0,0,0,0,0.000001,0,0,0,0,0,0,0,0.000001,0,0,0,0,0,0,0,0,0,0,0,0,0,0,0,0.000001,0.000001,0,0
795748,Ignavibacteriales,Bacteria,Ignavibacteria,Ignavibacteria,Ignavibacteriales,0.000018,0.000022,0.000019,0.000025,0.000024,0.000022,0.000022,0.000002,0.000001,0.000002,0.000001,0.000001,0.000004,0.000001,0.000001,0.000001,0.000002,0.000004,0.000001,0.000003,0,0.000002,0.000175,0.000003,0,0,0,0.000004,0.000029,0.000024,0.000049,0.000048,0.000017,0.000074,0.00001,0.000004,0.000019,0.000036,0.000065,0.000005,0.000013,0.000005,0.00003,0.000063,0.000036,0.000032,0.00007,0.000016,0.000062,0.000007,0.00004,0.000012,0.00009,0.000158,0.000063,0.000009,0.00001,0.00001,0.000022,0.000036,0.000032,0.000005
73020,Isochrysidales,Eukaryota,none,none,Isochrysidales,0.000002,0,0,0.000001,0.000004,0.000002,0,0,0,0,0,0,0,0,0,0,0,0,0,0,0,0.000001,0,0,0,0,0,0,0,0,0,0,0,0.000002,0,0,0.000003,0,0,0,0,0,0.000001,0,0,0,0,0,0,0,0,0,0,0,0,0,0,0.000001,0,0,0,0
388448,Ktedonobacterales,Bacteria,Chloroflexi,Ktedonobacteria,Ktedonobacterales,0.000001,0.000003,0.000004,0.000003,0.00001,0.000004,0.000005,0.000003,0.000002,0,0,0.000001,0.000001,0,0.000002,0,0.000003,0,0,0.000001,0.000001,0,0,0,0,0,0,0.000001,0.000002,0.000001,0.000003,0.000002,0.000001,0.000003,0,0,0.000001,0.000001,0.000002,0,0,0.000002,0.000001,0.000002,0.000002,0.000003,0.000005,0.000001,0.000002,0,0.000001,0.000001,0.000002,0.000001,0.000004,0.000001,0.000001,0.000001,0.000001,0.000002,0.000002,0
186826,Lactobacillales,Bacteria,Firmicutes,Bacilli,Lactobacillales,0.029236,0.019079,0.035088,0.048101,0.022618,0.014379,0.012893,0.55564,0.689786,0.031172,0.025054,0.053452,0.10473,0.128691,0.556682,0.240568,0.556894,0.180957,0.030554,0.086231,0.027474,0.07816,0.015048,0.005007,0.000216,0.000378,0.060298,0.004411,0.002611,0.003243,0.014483,0.007671,0.004523,0.017385,0.001827,0.000888,0.003813,0.011756,0.015075,0.000822,0.001893,0.000459,0.005146,0.011919,0.005971,0.010066,0.014792,0.004762,0.010614,0.006299,0.004982,0.001723,0.005478,0.009116,0.02024,0.004608,0.000833,0.004424,0.006536,0.008435,0.01347,0.001734
118969,Legionellales,Bacteria,Proteobacteria,Gammaproteobacteria,Legionellales,0.000017,0.000015,0.000015,0.000024,0.000013,0.000016,0.000014,0.000006,0.000002,0.000002,0.000002,0.000003,0.000008,0.000001,0.000002,0.000002,0.000004,0.000003,0.000001,0.000005,0.000001,0.000004,0.000056,0.00002,0,0.000008,0.000006,0.000019,0.000019,0.000013,0.000043,0.000044,0.000014,0.00003,0.000005,0.000001,0.000019,0.000043,0.000042,0.000003,0.000009,0,0.000027,0.000058,0.000023,0.000018,0.000046,0.000016,0.000046,0.000005,0.000024,0.000005,0.000066,0.000184,0.000028,0.000004,0.000003,0.000009,0.000014,0.000051,0.000034,0.000005
278081,Lentisphaerales,Bacteria,Lentisphaerae,Lentisphaeria,Lentisphaerales,0.000003,0.000002,0.000003,0.000004,0.000006,0.000005,0.000003,0.000001,0.000001,0,0,0,0.000001,0,0.000001,0,0,0,0,0,0,0,0.000009,0.000002,0,0,0.000002,0.000001,0.000005,0.000002,0.000007,0.000005,0.000004,0.000014,0.000002,0.000003,0.000002,0.000005,0.00001,0,0,0,0.000004,0.000015,0.000005,0.00001,0.000009,0.000003,0.000048,0.000001,0.000002,0.000002,0.000009,0.00001,0.000009,0.000002,0.000002,0.000003,0.00001,0.000004,0.000006,0.000001
639021,Magnaporthales,Eukaryota,Ascomycota,Sordariomycetes,Magnaporthales,0,0.000001,0.000001,0.000001,0.000002,0,0.000001,0,0,0,0,0,0,0,0,0,0,0,0,0,0,0,0.000004,0,0,0.000001,0.000001,0,0,0,0.000001,0,0,0.000001,0,0.000001,0,0,0.000001,0,0,0,0.000001,0.000001,0,0.000001,0,0,0,0,0,0,0.000001,0,0,0,0,0,0,0.000001,0,0
1191478,Magnetococcales,Bacteria,Proteobacteria,Alphaproteobacteria,Magnetococcales,0.000002,0.000008,0.000007,0.000005,0.000016,0.000004,0.000011,0,0,0,0.000001,0.000001,0.000001,0,0,0,0,0,0,0.000001,0,0.000006,0,0.000001,0,0,0,0.000001,0.000003,0.000002,0.000004,0.000003,0.000002,0.000002,0,0.000001,0.000002,0.000002,0.000002,0,0.000004,0,0.000002,0.000004,0.000003,0.000013,0.000003,0.000004,0.000003,0.000001,0.000002,0.000002,0.000024,0.000056,0.000003,0.000001,0,0.000001,0.000006,0.000004,0.00001,0
580371,Mariprofundales,Bacteria,Proteobacteria,Zetaproteobacteria,Mariprofundales,0.000005,0.000013,0.000013,0.00001,0.000034,0.000011,0.000015,0.000002,0.000001,0,0.000002,0.000003,0.000003,0,0.000001,0,0.000001,0,0,0.000001,0,0,0.000007,0,0,0,0.000002,0.000001,0.000009,0.000006,0.000008,0.000004,0.000003,0.000006,0.000001,0.000001,0.000002,0.000006,0.000006,0.000001,0.000004,0,0.000005,0.00001,0.000005,0.000017,0.00001,0.000009,0.000004,0.000002,0.000003,0.000002,0.000019,0.000044,0.000006,0.000002,0.000007,0.000004,0.000008,0.000013,0.00002,0.000001
2158,Methanobacteriales,Archaea,Euryarchaeota,Methanobacteria,Methanobacteriales,0.198541,0.003662,0.003729,0.041561,0.031592,0.081627,0.035548,0.000009,0.000011,0.000014,0.000007,0.000006,0.00007,0.000013,0.000009,0.000006,0.000011,0.000032,0.000005,0.000052,0.000009,0.000053,0.000115,0.000054,0,0.000004,0.000058,0.000064,0.000062,0.00007,0.004011,0.000525,0.000069,0.001243,0.000026,0.000018,0.000658,0.000599,0.000286,0.000017,0.000011,0.000001,0.000115,0.000618,0.005389,0.013042,0.010325,0.000052,0.000154,0.000043,0.000201,0.000014,0.00012,0.000458,0.000222,0.000021,0.000012,0.000028,0.000057,0.000101,0.001474,0.000013
570264,Methanocellales,Archaea,Euryarchaeota,Methanomicrobia,Methanocellales,0.000011,0.00002,0.000018,0.000012,0.000043,0.00002,0.000025,0.000003,0.000003,0,0.000002,0.000002,0.000002,0,0.000004,0,0.000004,0,0,0,0,0,0.000017,0,0,0,0,0,0.000009,0.000007,0.000009,0.000011,0.000004,0.000009,0.000001,0.000002,0.000004,0.000004,0.000006,0.000001,0,0,0.000003,0.000013,0.000008,0.000014,0.000023,0.000003,0.000015,0.000002,0.000005,0.000005,0.000007,0.000004,0.000031,0.000004,0.000001,0.000003,0.000007,0.000017,0.000012,0
2182,Methanococcales,Archaea,Euryarchaeota,Methanococci,Methanococcales,0.000075,0.00004,0.000047,0.000126,0.000036,0.000065,0.000043,0.000003,0.000002,0.000006,0.000007,0.000006,0.000024,0.000028,0.000004,0.000009,0.000002,0.000031,0.000003,0.000024,0.000005,0.00002,0.000079,0.000058,0,0.000006,0.000024,0.000077,0.000056,0.000085,0.000252,0.000114,0.000086,0.000254,0.00001,0.000017,0.000064,0.000124,0.00027,0.000004,0.000009,0.000006,0.000076,0.000255,0.000142,0.000114,0.000282,0.00004,0.000117,0.000032,0.000085,0.000017,0.000071,0.00025,0.000262,0.00002,0.000009,0.000023,0.000051,0.000144,0.000107,0.000012
2191,Methanomicrobiales,Archaea,Euryarchaeota,Methanomicrobia,Methanomicrobiales,0.000031,0.000095,0.000099,0.000076,0.000177,0.000075,0.000093,0.000008,0.000005,0.000002,0.000009,0.000008,0.000009,0.000003,0.000008,0.000001,0.000006,0.00001,0.000001,0.000011,0.000001,0.000002,0.000019,0.000009,0,0.000002,0.000003,0.000004,0.00003,0.000024,0.00006,0.000047,0.000033,0.00005,0.000029,0.000005,0.00002,0.00004,0.00004,0.000002,0.000002,0.000001,0.000037,0.000061,0.00005,0.000077,0.000102,0.000023,0.000064,0.000014,0.000029,0.000017,0.000041,0.000068,0.000106,0.000019,0.000006,0.000022,0.000037,0.000054,0.000062,0.000005
68985,Methanopyrales,Archaea,Euryarchaeota,Methanopyri,Methanopyrales,0.000001,0.000003,0.000002,0.000001,0.000002,0.000001,0.000002,0.000002,0.000001,0,0,0,0,0,0.000002,0,0.000001,0,0,0,0,0,0,0,0,0,0,0,0.000002,0,0,0,0,0,0,0,0,0,0,0,0,0,0.000001,0.000001,0,0.000001,0.000003,0,0.000001,0,0,0,0.000001,0.000001,0,0,0,0,0,0,0.000001,0
94695,Methanosarcinales,Archaea,Euryarchaeota,Methanomicrobia,Methanosarcinales,0.000033,0.000044,0.000056,0.000055,0.000105,0.000056,0.000051,0.000007,0.000003,0.000002,0.000009,0.000007,0.000015,0.000006,0.000004,0.000015,0.000003,0.000014,0.000001,0.00001,0.000001,0.000004,0.000008,0.000008,0.000001,0,0.000008,0.000014,0.000039,0.000029,0.000052,0.000035,0.000033,0.000183,0.000026,0.00001,0.000019,0.000056,0.000059,0.000002,0.000004,0.000002,0.000036,0.000066,0.000061,0.000071,0.000102,0.000025,0.000067,0.000015,0.000032,0.000012,0.000054,0.000059,0.000214,0.000014,0.000006,0.000025,0.000141,0.000065,0.000063,0.000004
717963,Methylacidiphilales,Bacteria,Verrucomicrobia,none,Methylacidiphilales,0.000004,0.000002,0.000003,0.000003,0.000004,0.000004,0.000004,0.000005,0.000003,0,0,0,0.000001,0,0.000008,0,0.000007,0,0,0,0,0.000001,0.000064,0.000002,0.000003,0,0.000001,0.000004,0.000002,0.000004,0.000019,0.000007,0.000007,0.000007,0.000001,0,0.000002,0.000015,0.000008,0.000001,0.000017,0,0.000008,0.000011,0.000006,0.000006,0.000005,0.000001,0.00001,0,0.000002,0.000001,0.000021,0.000027,0.000005,0.000001,0.000001,0.000001,0.000003,0.000006,0.000009,0.000001
135618,Methylococcales,Bacteria,Proteobacteria,Gammaproteobacteria,Methylococcales,0.000015,0.000043,0.000048,0.000031,0.00011,0.000044,0.000058,0.000003,0.000002,0.000001,0.000003,0.000004,0.000004,0.000003,0.000002,0.000001,0.000003,0.000001,0.000001,0.000001,0.000001,0.000003,0.000003,0.000009,0,0,0.000004,0.000006,0.000025,0.000015,0.000033,0.000019,0.000012,0.000026,0.000009,0.000006,0.00001,0.000022,0.00002,0.000002,0.000011,0.000002,0.000016,0.000029,0.000018,0.000031,0.000045,0.000024,0.000033,0.000004,0.000017,0.000013,0.000113,0.00019,0.000028,0.000012,0.000009,0.000011,0.000035,0.00003,0.000063,0.000004
206350,Methylophilales,Bacteria,Proteobacteria,Betaproteobacteria,Methylophilales,0.000015,0.000026,0.000023,0.000022,0.000058,0.000023,0.000028,0.000004,0.000002,0.000001,0.000002,0.000004,0.000006,0.000001,0.000003,0,0.000004,0.000002,0,0.000002,0,0.000003,0.000061,0.000072,0.000002,0.000002,0.000032,0.000063,0.000021,0.000014,0.000047,0.000048,0.000017,0.000039,0.000003,0.000003,0.000014,0.000036,0.000049,0.000003,0.000016,0,0.000029,0.00005,0.000019,0.000032,0.000044,0.00002,0.000053,0.000004,0.000018,0.000005,0.000068,0.000178,0.000025,0.000005,0.000004,0.00001,0.000017,0.000038,0.000032,0.000002
79272,Monoblepharidales,Eukaryota,Chytridiomycota,Monoblepharidomycetes,Monoblepharidales,0,0,0,0,0,0,0,0,0,0,0,0,0,0,0,0,0,0,0,0,0,0.00001,0,0,0,0,0,0,0,0,0,0,0,0,0,0,0,0,0,0,0,0,0,0,0,0.000007,0,0,0,0,0,0,0,0,0,0,0,0,0,0,0,0
214503,Mortierellales,Eukaryota,none,none,Mortierellales,0,0,0,0,0,0,0,0,0,0,0,0.000001,0,0,0,0,0,0,0,0,0,0,0,0,0,0,0,0,0,0,0,0,0,0,0,0,0.000002,0,0,0,0,0,0,0.000003,0,0,0,0,0,0,0,0,0,0,0,0,0,0,0,0,0,0
4827,Mucorales,Eukaryota,none,none,Mucorales,0.000001,0,0.000001,0.000001,0.000001,0,0.000001,0,0,0,0,0,0,0,0,0,0,0,0,0,0,0.000005,0,0,0,0,0,0,0,0,0.000002,0,0,0.00002,0,0,0.000035,0,0,0,0,0,0.00018,0.000004,0.000007,0,0,0,0,0,0.000013,0,0.00005,0,0,0,0,0.000021,0.000002,0,0,0
2085,Mycoplasmatales,Bacteria,Tenericutes,Mollicutes,Mycoplasmatales,0.000689,0.00018,0.000151,0.00061,0.000284,0.000526,0.000219,0.000058,0.000022,0.000116,0.000016,0.000021,0.000492,0.000058,0.000023,0.000052,0.000046,0.000088,0.000063,0.000386,0.000089,0.000469,0.000667,0.00032,0.000015,0.000013,0.000134,0.000156,0.00044,0.000976,0.006202,0.003836,0.000969,0.003733,0.000245,0.000025,0.001119,0.005101,0.003706,0.000033,0.000069,0.000007,0.001659,0.002875,0.000941,0.000392,0.005966,0.000177,0.000599,0.000163,0.000767,0.000065,0.000352,0.003332,0.00069,0.00008,0.000069,0.000093,0.002196,0.002395,0.001439,0.000118
29,Myxococcales,Bacteria,Proteobacteria,Deltaproteobacteria,Myxococcales,0.000065,0.000155,0.00016,0.000085,0.000429,0.00015,0.000233,0.000023,0.000017,0.000003,0.000003,0.000003,0.000002,0,0.000031,0,0.000026,0.000002,0.000003,0.000001,0.000003,0.000004,0.000005,0,0.000001,0,0.000001,0.000001,0.000067,0.000024,0.000048,0.000029,0.00001,0.000032,0.000004,0.000007,0.000018,0.000018,0.000028,0,0.000003,0.000001,0.000031,0.00004,0.000033,0.000037,0.000101,0.000012,0.000031,0.000005,0.000026,0.000022,0.000046,0.000077,0.000008,0.000021,0.000004,0.000017,0.000065,0.000059,0.000075,0.000003
485256,Natranaerobiales,Bacteria,Firmicutes,Clostridia,Natranaerobiales,0.000018,0.000008,0.000009,0.000025,0.000023,0.000012,0.000011,0.000002,0.000001,0.000001,0.000001,0.000001,0.000005,0.000003,0.000001,0.000001,0.000001,0.000007,0.000001,0.000002,0.000001,0.000005,0.000031,0.000015,0,0,0,0.000008,0.000013,0.000015,0.000051,0.000038,0.000013,0.000079,0.000004,0.000009,0.000044,0.000038,0.000101,0.000002,0.000001,0,0.000019,0.00006,0.000024,0.000045,0.000066,0.000007,0.00003,0.000005,0.000024,0.000003,0.000012,0.000039,0.000013,0.000002,0.000004,0.000003,0.00002,0.000031,0.000026,0.000002
235899,Nautiliales,Bacteria,Proteobacteria,Epsilonproteobacteria,Nautiliales,0.000036,0.00002,0.000017,0.000065,0.000017,0.000034,0.000019,0,0,0.000002,0.000001,0.000002,0.000013,0.000004,0,0,0,0.000006,0.000001,0.000004,0.000002,0.00001,0.000058,0.000037,0,0.000004,0.000027,0.000036,0.000044,0.00004,0.000299,0.000129,0.000046,0.000216,0.000007,0.000002,0.00004,0.000134,0.000276,0.000001,0.00001,0,0.000048,0.000192,0.000076,0.000043,0.000174,0.000023,0.000078,0.000018,0.000052,0.000007,0.000068,0.000182,0.000111,0.000009,0.000002,0.000009,0.000094,0.000116,0.000073,0.000003
206351,Neisseriales,Bacteria,Proteobacteria,Betaproteobacteria,Neisseriales,0.001056,0.000373,0.000325,0.000223,0.000904,0.000294,0.000396,0.000038,0.000024,0.000014,0.000025,0.000032,0.000055,0.000019,0.000029,0.000019,0.00004,0.000058,0.00001,0.000027,0.000013,0.000031,0.000753,0.000411,0.000022,0.000052,0.000372,0.000512,0.000191,0.000126,0.00022,0.000212,0.00014,0.000254,0.000054,0.00006,0.000127,0.000135,0.000125,0.000094,0.000148,0.000006,0.000151,0.000199,0.000137,0.000266,0.000313,0.000175,0.000232,0.000098,0.000171,0.000196,0.000883,0.00157,0.000253,0.000083,0.000046,0.000105,0.00017,0.000223,0.000365,0.000205
32003,Nitrosomonadales,Bacteria,Proteobacteria,Betaproteobacteria,Nitrosomonadales,0.000014,0.000016,0.000023,0.000022,0.000041,0.000022,0.000024,0.000004,0.000002,0.000001,0.000005,0.000006,0.000005,0,0.000002,0.000002,0.000003,0.000002,0.000001,0.000002,0,0.000001,0.000188,0.000037,0.000002,0,0.000018,0.000024,0.000019,0.000013,0.000025,0.00003,0.000019,0.000038,0.000004,0.000001,0.000014,0.000017,0.000022,0.000002,0.000006,0,0.000016,0.000024,0.000026,0.000024,0.000029,0.000023,0.000022,0.000005,0.000019,0.00001,0.000042,0.000088,0.000044,0.000006,0.000006,0.00001,0.000013,0.000018,0.000037,0.000003
31932,Nitrosopumilales,Archaea,Thaumarchaeota,none,Nitrosopumilales,0.000012,0.000006,0.000007,0.000026,0.000006,0.000007,0.000006,0.000001,0.000001,0.000003,0.000001,0.000001,0.000015,0.000005,0.000002,0.000008,0.000001,0.000001,0,0.000006,0.000002,0.000011,0,0.000005,0,0,0.000002,0.000006,0.000008,0.000013,0.000053,0.000017,0.000011,0.000047,0.000001,0.000002,0.000011,0.000022,0.000046,0.000001,0,0,0.000009,0.000047,0.000028,0.000022,0.000027,0.00001,0.000019,0.000004,0.000018,0.000003,0.000014,0.000031,0.000005,0.000002,0.000002,0.000002,0.00001,0.000027,0.000014,0.000001
1033996,Nitrososphaerales,Archaea,Thaumarchaeota,none,Nitrososphaerales,0,0,0.000001,0,0.000001,0.000001,0,0,0,0,0,0,0,0,0,0,0,0,0,0,0,0,0,0,0,0,0,0,0,0,0,0,0,0,0,0,0,0.000001,0,0,0,0,0,0,0,0,0.000001,0,0,0,0,0,0,0,0.000002,0,0,0,0,0.000001,0.000001,0
1293499,Nitrospinales,Bacteria,Nitrospinae,Nitrospinia,Nitrospinales,0.000002,0.000005,0.000007,0.000002,0.000008,0.000004,0.000006,0.000001,0,0,0,0,0,0,0.000001,0,0.000001,0,0,0,0,0,0,0,0,0,0,0,0.000003,0.000001,0.000003,0.000001,0.000001,0.000001,0,0,0.000001,0.000001,0.000001,0,0,0,0.000001,0.000002,0.000001,0.000002,0.000008,0.000001,0.000001,0,0.000001,0,0.000003,0.000002,0.000001,0,0,0.000001,0.000001,0.000002,0.000004,0
189778,Nitrospirales,Bacteria,Nitrospirae,Nitrospira,Nitrospirales,0.000031,0.000034,0.000034,0.00005,0.000047,0.000038,0.000031,0.000006,0.000004,0.000001,0.000004,0.000003,0.000013,0.000006,0.000005,0,0.000007,0.000004,0,0.000002,0.000001,0.000005,0,0.000014,0,0.000001,0.000005,0.000009,0.000023,0.000026,0.000078,0.000046,0.000023,0.000123,0.000005,0.000006,0.000034,0.000052,0.00014,0.000002,0.000008,0.000001,0.00002,0.000106,0.000057,0.000051,0.00007,0.000025,0.00008,0.000013,0.000037,0.000008,0.000039,0.00014,0.000088,0.000009,0.000006,0.000019,0.000024,0.000062,0.000049,0.000003
-1,,none,none,none,none,0.00114,0.000705,0.000822,0.00149,0.005544,0.001223,0.001888,0.00017,0.000048,0.000558,0.000066,0.000073,0.000263,0.000109,0.000175,0.000151,0.000073,0.000261,0.000269,0.0017,0.000438,0.002384,0.000655,0.00033,0.000035,0.000016,0.001027,0.000227,0.000801,0.000578,0.00175,0.00095,0.000529,0.001242,0.000176,0.000071,0.001148,0.00111,0.001615,0.000065,0.000226,0.000016,0.001315,0.001655,0.000678,0.000662,0.001851,0.000467,0.000708,0.000119,0.000741,0.000358,0.002538,0.004244,0.000473,0.000198,0.000149,0.00022,0.001283,0.001143,0.000972,0.000104
1161,Nostocales,Bacteria,Cyanobacteria,none,Nostocales,0.000016,0.000014,0.000017,0.000022,0.000023,0.000022,0.000015,0.000005,0.000005,0.000005,0.000003,0.000003,0.00001,0.000005,0.000005,0.000005,0.000006,0.000005,0.000003,0.000005,0.000005,0.000007,0.000677,0.000019,0.000001,0.000004,0.000018,0.000014,0.000015,0.000029,0.000046,0.000034,0.000031,0.000068,0.000006,0.000005,0.000012,0.000056,0.000071,0.000004,0.000014,0.000001,0.000018,0.000062,0.000028,0.000039,0.000056,0.000024,0.000045,0.000008,0.00002,0.000006,0.000047,0.000086,0.000033,0.000008,0.000009,0.000012,0.000015,0.000031,0.000025,0.000003
135619,Oceanospirillales,Bacteria,Proteobacteria,Gammaproteobacteria,Oceanospirillales,0.000057,0.000104,0.000096,0.00008,0.00023,0.000107,0.000112,0.000014,0.000009,0.000009,0.000007,0.00001,0.000019,0.000003,0.000039,0.000004,0.000041,0.00001,0.000003,0.000011,0.000005,0.000021,0.000225,0.000166,0.000003,0.000011,0.000362,0.000075,0.000063,0.000154,0.00017,0.000068,0.000037,0.000098,0.000217,0.000009,0.000048,0.000077,0.000179,0.000004,0.000035,0.000001,0.000062,0.000136,0.000099,0.00019,0.000125,0.000041,0.000066,0.000012,0.000059,0.00002,0.000167,0.000571,0.000063,0.000017,0.00001,0.000025,0.000084,0.000102,0.000084,0.000011
33183,Onygenales,Eukaryota,Ascomycota,Eurotiomycetes,Onygenales,0.000002,0.000001,0.000001,0,0,0.000001,0.000002,0,0,0,0.000001,0.000002,0.000007,0,0,0.000007,0,0,0.000001,0,0,0.000028,0,0,0,0,0,0,0,0,0,0,0,0,0,0,0.000062,0,0,0,0,0,0.000036,0,0,0,0.000024,0,0,0,0.000018,0,0.000118,0,0,0,0,0.000006,0,0,0,0
1150,Oscillatoriales,Bacteria,Cyanobacteria,none,Oscillatoriales,0.000015,0.000027,0.000033,0.000025,0.000041,0.000022,0.000026,0.000004,0.000003,0.000004,0.000005,0.000005,0.000012,0.000003,0.000002,0.000006,0.000004,0.000005,0.000003,0.000007,0.000005,0.000009,0.000067,0.000011,0.000002,0.000001,0.000009,0.00001,0.000016,0.000018,0.000038,0.000027,0.000025,0.000101,0.00001,0.000006,0.000019,0.000021,0.000035,0.000003,0.000016,0.000003,0.000021,0.000042,0.000026,0.000047,0.000071,0.00002,0.000025,0.000008,0.000024,0.000007,0.000062,0.000094,0.000059,0.000007,0.000021,0.000012,0.00002,0.000028,0.000035,0.000009
255473,Parvularculales,Bacteria,Proteobacteria,Alphaproteobacteria,Parvularculales,0.000002,0.000004,0.000004,0.000002,0.000007,0.000002,0.000003,0,0,0,0,0,0.000001,0,0,0,0,0,0,0,0,0,0,0.000001,0,0,0.000003,0.000001,0.000002,0.000002,0.000002,0.000001,0.000001,0.000005,0,0.000001,0.000001,0.000001,0.000003,0,0.000005,0,0.000001,0.000003,0,0.000001,0.000002,0.000009,0.000002,0,0.000001,0.000001,0.000029,0.000052,0.000001,0,0,0.000001,0.000001,0.000004,0.000015,0
135625,Pasteurellales,Bacteria,Proteobacteria,Gammaproteobacteria,Pasteurellales,0.000238,0.000255,0.000251,0.000316,0.000393,0.000289,0.000395,0.000082,0.000065,0.000062,0.000057,0.000057,0.000156,0.0001,0.000049,0.000077,0.000074,0.000081,0.000039,0.000095,0.00003,0.000114,0.011448,0.032025,0.000512,0.000314,0.027291,0.002527,0.000578,0.000397,0.00133,0.000436,0.003259,0.000925,0.000396,0.000045,0.002743,0.000379,0.000774,0.002267,0.000302,0.000171,0.00034,0.000503,0.000274,0.000607,0.000777,0.000249,0.000568,0.01117,0.000377,0.000178,0.002163,0.003001,0.000545,0.000756,0.0002,0.000183,0.000272,0.000473,0.000993,0.000399
35423,Pedinomonadales,Eukaryota,Chlorophyta,Pedinophyceae,Pedinomonadales,0,0,0,0,0,0,0.000002,0,0,0,0,0,0,0,0,0,0,0,0,0,0,0,0,0,0,0,0,0,0,0,0.000042,0,0,0,0,0,0,0,0,0,0,0,0,0,0,0,0,0,0,0,0,0,0,0,0,0,0,0,0,0,0,0
33825,Peniculida,Eukaryota,none,Oligohymenophorea,Peniculida,0,0,0,0,0,0.000001,0.000001,0,0,0,0,0,0,0,0,0,0,0,0,0,0,0,0,0,0,0,0,0,0,0,0,0,0,0,0,0,0,0,0,0,0,0,0,0,0,0,0,0,0,0,0,0,0,0,0,0,0,0,0,0,0,0
4776,Peronosporales,Eukaryota,none,none,Peronosporales,0.000005,0.000006,0.000002,0.000007,0.000005,0.000012,0.000003,0,0,0.000005,0.000001,0,0.000029,0,0,0.000003,0,0.000002,0,0.000014,0.00001,0.00004,0,0,0,0,0,0,0,0,0.000005,0,0,0.000006,0,0.000008,0.001055,0,0.000005,0,0,0,0.002189,0,0.000165,0,0,0,0,0.00002,0.000318,0,0.001296,0,0,0,0,0.000117,0,0,0,0
666506,Phycisphaerales,Bacteria,Planctomycetes,Phycisphaerae,Phycisphaerales,0.000007,0.000025,0.000021,0.000011,0.000046,0.000021,0.000029,0.000003,0.000002,0,0,0,0,0,0.000003,0,0.000004,0,0,0,0,0,0,0,0,0,0.000001,0,0.000004,0.000003,0.000006,0.000004,0.000002,0.000004,0.000001,0.000001,0.000001,0.000002,0.000004,0,0,0,0.000002,0.000003,0.000003,0.000004,0.000011,0.000001,0.000005,0.000001,0.000002,0.000001,0.000004,0.000002,0,0.000003,0,0.000001,0.00001,0.000006,0.000007,0
112,Planctomycetales,Bacteria,Planctomycetes,Planctomycetia,Planctomycetales,0.000016,0.000043,0.000045,0.000027,0.000089,0.000036,0.000043,0.000003,0.000002,0.000001,0.000003,0.000004,0.000005,0.000003,0.000003,0.000004,0.000003,0.000007,0.000001,0.000002,0.000001,0.000002,0.000069,0.000002,0.000006,0.00001,0.000001,0.000002,0.00003,0.000015,0.000039,0.000034,0.000018,0.000039,0.000008,0.000004,0.000011,0.000025,0.000025,0.000001,0.000005,0,0.00003,0.000028,0.000019,0.000023,0.000047,0.000012,0.00003,0.000005,0.000016,0.000009,0.000062,0.000119,0.000025,0.000011,0.000003,0.000011,0.000099,0.000035,0.000048,0.000004
52604,Pleurocapsales,Bacteria,Cyanobacteria,none,Pleurocapsales,0.000003,0.000002,0.000003,0.000003,0.000003,0.000003,0.000002,0.000001,0.000001,0,0.000001,0,0.000002,0,0.000001,0,0.000001,0.000002,0,0.000001,0,0.000001,0.000018,0.000002,0,0,0.000003,0.000004,0.000003,0.000002,0.000007,0.000009,0.000004,0.000017,0.000003,0.000001,0.000002,0.000008,0.000007,0.000001,0.000013,0,0.000003,0.000007,0.000003,0.000004,0.000006,0.000005,0.000004,0.000001,0.000002,0.000001,0.00001,0.000025,0.000006,0.000001,0.000001,0.000002,0.000003,0.000008,0.000006,0.000001
1212,Prochlorales,Bacteria,Cyanobacteria,none,Prochlorales,0.000051,0.00003,0.00003,0.000074,0.00003,0.000047,0.000019,0.000002,0.000001,0.000005,0.000005,0.000005,0.000028,0.000003,0.000001,0.000002,0.000001,0.000011,0.000001,0.000011,0.000004,0.000017,0.000017,0.000016,0,0.000001,0.000006,0.000018,0.000063,0.000065,0.000223,0.000174,0.000047,0.000231,0.000007,0.000003,0.00004,0.000155,0.000337,0.000007,0.000007,0.000004,0.000073,0.000283,0.000081,0.000053,0.000181,0.000033,0.000053,0.000016,0.000078,0.000006,0.00004,0.000216,0.000063,0.000009,0.000005,0.000025,0.000074,0.000116,0.000083,0.000003
72274,Pseudomonadales,Bacteria,Proteobacteria,Gammaproteobacteria,Pseudomonadales,0.000181,0.000356,0.000387,0.000301,0.000975,0.000523,0.000532,0.000059,0.000048,0.000039,0.000031,0.000031,0.000057,0.000029,0.000068,0.000013,0.000056,0.000025,0.000024,0.000041,0.000038,0.000052,0.091257,0.000392,0.000225,0.003156,0.000248,0.000424,0.000198,0.000135,0.000252,0.000202,0.000171,0.000253,0.000046,0.000134,0.000113,0.000157,0.000235,0.000021,0.000112,0.000018,0.000183,0.00026,0.000183,0.000315,0.000405,0.000147,0.000283,0.000055,0.000145,0.000122,0.000527,0.000762,0.000219,0.000089,0.000042,0.00009,0.000309,0.000209,0.000312,0.000044
415001,Puniceicoccales,Bacteria,Verrucomicrobia,Opitutae,Puniceicoccales,0.000002,0.000004,0.000004,0.000003,0.000009,0.000004,0.000005,0.000001,0,0,0,0,0,0,0.000001,0,0.000001,0,0,0,0,0,0,0.000001,0,0,0,0.000001,0.000008,0.000003,0.000006,0.000004,0.000022,0.000107,0.000001,0,0.000004,0.000003,0.000004,0,0.000001,0,0.000004,0.000002,0.000004,0.000006,0.00007,0.000002,0.000011,0.000001,0.000004,0.000003,0.000015,0.000018,0.000005,0.000001,0,0.000003,0.000006,0.000004,0.000005,0.000001
356,Rhizobiales,Bacteria,Proteobacteria,Alphaproteobacteria,Rhizobiales,0.000285,0.000679,0.000719,0.000395,0.001484,0.000573,0.000856,0.000121,0.000092,0.000039,0.000046,0.000047,0.000059,0.000022,0.000141,0.000055,0.000123,0.000038,0.000032,0.000047,0.000048,0.000052,0.005345,0.00006,0.000083,0.00009,0.000045,0.000063,0.000305,0.000164,0.000345,0.000272,0.000174,0.000312,0.000042,0.000039,0.000145,0.000219,0.000302,0.000012,0.000338,0.000005,0.00027,0.000351,0.00022,0.000318,0.000587,0.000399,0.000328,0.000046,0.000171,0.00011,0.002811,0.005715,0.000226,0.000115,0.000036,0.000124,0.000303,0.000387,0.000782,0.000028
451442,Rhizophydiales,Eukaryota,Chytridiomycota,Chytridiomycetes,Rhizophydiales,0,0,0,0,0.000001,0.000001,0,0,0,0,0,0,0,0,0,0,0,0,0,0,0,0.000009,0,0,0,0.000033,0,0,0,0,0.000003,0,0,0,0,0,0.000004,0,0,0,0,0,0,0,0,0,0,0,0,0,0,0,0,0,0,0,0,0,0,0,0,0
204455,Rhodobacterales,Bacteria,Proteobacteria,Alphaproteobacteria,Rhodobacterales,0.000135,0.000393,0.000381,0.000226,0.000901,0.000314,0.000457,0.000063,0.000045,0.000019,0.000021,0.000029,0.000031,0.000009,0.00007,0.000011,0.000064,0.000016,0.000018,0.000015,0.00003,0.000021,0.000472,0.000032,0.000012,0.000009,0.000022,0.000024,0.000173,0.000083,0.000177,0.000114,0.000084,0.000175,0.000023,0.000024,0.000061,0.000079,0.000148,0.000005,0.000226,0.000002,0.000114,0.000164,0.000111,0.000183,0.000272,0.000279,0.000155,0.000022,0.000091,0.000065,0.001791,0.003941,0.000134,0.000068,0.000019,0.000064,0.000142,0.000201,0.000521,0.000019
206389,Rhodocyclales,Bacteria,Proteobacteria,Betaproteobacteria,Rhodocyclales,0.000046,0.000106,0.000103,0.000062,0.000258,0.000103,0.000194,0.000012,0.000009,0.000003,0.000002,0.000003,0.000003,0,0.000015,0,0.000013,0.000001,0.000002,0.000001,0.000002,0.000002,0.000255,0.000063,0.000014,0.000002,0.000026,0.000065,0.000037,0.000026,0.000037,0.000028,0.000013,0.000036,0.000005,0.000021,0.000023,0.000015,0.000024,0.000002,0.000006,0,0.000028,0.000034,0.00003,0.000041,0.000076,0.000018,0.000044,0.000009,0.000029,0.000021,0.000063,0.000106,0.000007,0.000018,0.000016,0.000017,0.000049,0.000048,0.000062,0.000002
204441,Rhodospirillales,Bacteria,Proteobacteria,Alphaproteobacteria,Rhodospirillales,0.00017,0.00032,0.00032,0.000192,0.000833,0.000285,0.000409,0.000033,0.000023,0.000006,0.00001,0.000014,0.00002,0.000006,0.000035,0.000004,0.000033,0.000016,0.000005,0.000008,0.000006,0.000012,0.000155,0.00002,0.000001,0.000003,0.00001,0.000018,0.000153,0.000073,0.000157,0.000088,0.000091,0.000099,0.000021,0.000017,0.000049,0.000069,0.000131,0.000007,0.000288,0.000003,0.00008,0.000139,0.000083,0.00015,0.000214,0.000381,0.00013,0.000018,0.000076,0.000048,0.002429,0.004951,0.000054,0.000061,0.000017,0.000045,0.000154,0.000163,0.000653,0.000011
766,Rickettsiales,Bacteria,Proteobacteria,Alphaproteobacteria,Rickettsiales,0.000092,0.000055,0.000047,0.000122,0.000075,0.000091,0.000044,0.000007,0.000004,0.000018,0.000004,0.000006,0.00002,0.000013,0.000005,0.00002,0.000005,0.00001,0.000016,0.000028,0.000015,0.000029,0.000034,0.000037,0.000002,0.000006,0.000031,0.000021,0.000078,0.000146,0.000501,0.0003,0.000134,0.000372,0.00007,0.000007,0.000235,0.00037,0.000541,0.000006,0.00021,0.000001,0.000176,0.000429,0.000211,0.000111,0.000395,0.000173,0.000218,0.000029,0.000118,0.000033,0.001225,0.003175,0.000165,0.000019,0.000014,0.000026,0.000196,0.000253,0.000299,0.000022
84996,Rubrobacterales,Bacteria,Actinobacteria,Actinobacteria,Rubrobacterales,0.000015,0.000034,0.000028,0.000019,0.000087,0.00003,0.00004,0.000005,0.000004,0,0,0.000001,0,0,0.000005,0,0.000005,0.000002,0,0,0,0.000002,0,0,0,0,0,0,0.000007,0.000005,0.00001,0.000005,0.000002,0.000008,0.000001,0.000002,0.000002,0.000004,0.000006,0,0.000001,0,0.000005,0.000008,0.000005,0.00001,0.000025,0.000003,0.000009,0.000002,0.000005,0.000004,0.000004,0.000004,0.000002,0.000003,0,0.000004,0.000011,0.000014,0.000014,0.000001
4892,Saccharomycetales,Eukaryota,Ascomycota,Saccharomycetes,Saccharomycetales,0.000079,0.000069,0.00003,0.000329,0.000022,0.000079,0.000043,0.000006,0.000011,0.000037,0.000088,0.000026,0.000104,0.000015,0.000003,0.000055,0.000007,0.00001,0.000028,0.000205,0.000089,0.003026,0.0008,0.00033,0.000101,0.000037,0.0011,0.000249,0.000007,0.000041,0.000058,0.000015,0.000069,0.000105,0.000011,0.000019,0.001001,0.000254,0.000091,0.000002,0.000001,0,0.000179,0.000275,0.000062,0.00017,0.000504,0.00004,0.000053,0.000171,0.000173,0.000006,0.000216,0.000651,0.000171,0.000003,0.000001,0.00001,0.000157,0.000029,0.000006,0.000001
742030,Salinisphaerales,Bacteria,Proteobacteria,Gammaproteobacteria,Salinisphaerales,0.000002,0.000005,0.000006,0.000003,0.000009,0.000005,0.000008,0.000001,0,0,0,0,0,0,0.000001,0,0.000001,0,0,0,0,0,0,0.000001,0,0,0.000001,0.000001,0.000004,0.000002,0.000003,0.000001,0.000001,0.000001,0,0,0.000001,0.000001,0.000002,0,0.000002,0,0.000002,0.000003,0.000002,0.000003,0.000006,0.000002,0.000001,0.000001,0.000002,0.000001,0.000008,0.000023,0.000001,0.000002,0,0.000002,0.000007,0.000004,0.000005,0
41165,Schizopyrenida,Eukaryota,none,Heterolobosea,Schizopyrenida,0,0,0,0,0.000001,0,0,0,0,0,0,0,0,0,0,0,0,0,0,0,0,0,0,0,0,0,0,0,0,0.000001,0,0,0,0,0,0,0,0,0,0,0,0,0.000002,0,0,0,0,0,0,0,0,0,0,0,0,0,0,0,0,0,0,0
34346,Schizosaccharomycetales,Eukaryota,Ascomycota,Schizosaccharomycetes,Schizosaccharomycetales,0.000003,0,0,0,0,0,0,0,0,0,0.000002,0,0.000002,0,0,0,0,0,0,0,0,0,0.000007,0,0,0,0,0,0.000001,0,0.000009,0.000001,0,0.000003,0,0,0.000002,0,0,0,0,0,0.000009,0.000001,0.000001,0,0,0,0,0,0,0,0.000002,0,0,0,0,0,0,0.000003,0,0
6125,Scleractinia,Eukaryota,Cnidaria,Anthozoa,Scleractinia,0,0,0,0,0,0,0,0,0,0,0,0,0,0.000003,0,0,0,0,0,0,0,0.000003,0,0,0,0,0,0,0,0,0,0,0,0,0,0,0.000024,0,0,0,0,0,0.000078,0,0,0,0,0,0,0,0,0,0.000014,0,0,0,0,0.000012,0,0,0,0
909929,Selenomonadales,Bacteria,Firmicutes,Negativicutes,Selenomonadales,0.023512,0.025434,0.014446,0.008085,0.009989,0.007853,0.014872,0.124633,0.102607,0.012514,0.002211,0.009351,0.008555,0.004154,0.016683,0.010061,0.115858,0.014973,0.033142,0.050438,0.001708,0.052274,0.001342,0.001131,0.00039,0.000271,0.003007,0.013844,0.003777,0.003817,0.009676,0.009402,0.004253,0.060255,0.002155,0.00202,0.033516,0.005907,0.006768,0.016691,0.0027,0.006615,0.075362,0.011541,0.010179,0.114464,0.007111,0.058902,0.025122,0.038965,0.051323,0.002149,0.005641,0.004522,0.027353,0.003953,0.003859,0.055435,0.274448,0.013594,0.008604,0.00427
332160,Solibacterales,Bacteria,Acidobacteria,Solibacteres,Solibacterales,0.000004,0.00001,0.000011,0.000006,0.000022,0.00001,0.000011,0,0,0,0,0,0.000001,0,0,0,0,0,0,0,0,0,0.000003,0,0,0,0,0,0.000005,0.000003,0.000005,0.000003,0.000001,0.000005,0.000002,0.000001,0.000002,0.000003,0.000003,0,0.000001,0,0.000001,0.000004,0.000003,0.000006,0.000007,0.000001,0.000003,0.000001,0.000003,0.000003,0.000007,0.00001,0.000004,0.000002,0,0.000003,0.000005,0.000006,0.000007,0
588673,Solirubrobacterales,Bacteria,Actinobacteria,Actinobacteria,Solirubrobacterales,0.000019,0.000039,0.000041,0.00002,0.000098,0.000033,0.000061,0.000007,0.000006,0.000002,0.000002,0.000002,0.000002,0,0.00001,0,0.000007,0,0.000002,0,0.000002,0.000002,0,0,0,0,0,0,0.000009,0.000006,0.000008,0.000007,0.000001,0.000008,0,0.000001,0.000003,0.000003,0.000006,0,0,0,0.000004,0.00001,0.000007,0.000009,0.000029,0.000003,0.000006,0.000001,0.000006,0.000004,0.000006,0.000007,0.000003,0.000005,0.000001,0.000003,0.000016,0.000015,0.000016,0
5139,Sordariales,Eukaryota,Ascomycota,Sordariomycetes,Sordariales,0.000004,0.000003,0.000003,0.000003,0.000001,0.000002,0.000001,0,0,0,0,0,0.000001,0,0,0.000001,0,0.000001,0,0.000001,0.000002,0.000005,0.000013,0,0.000002,0.000002,0.000001,0.000001,0,0.000001,0.000003,0.000001,0.000001,0.000002,0,0,0.000002,0.000003,0.000004,0,0,0,0.000001,0.000006,0.000001,0.000001,0.000002,0.000001,0.000001,0,0.000008,0,0.000004,0.000002,0.000001,0,0,0,0.000001,0.000002,0.000001,0
85001,Sphaerobacterales,Bacteria,Chloroflexi,Thermomicrobia,Sphaerobacterales,0.000011,0.000029,0.000031,0.000017,0.000069,0.000027,0.000047,0.000002,0.000001,0.000002,0.000001,0.000001,0.000001,0,0.000002,0,0.000002,0,0.000002,0.000001,0.000003,0.000002,0,0,0,0,0,0,0.000007,0.000005,0.000013,0.000008,0.000002,0.00001,0.000002,0.000001,0.000002,0.000003,0.000007,0,0.000009,0,0.000007,0.00001,0.000009,0.000016,0.000019,0.000003,0.000006,0.000001,0.000004,0.000004,0.000004,0.000009,0.000002,0.000004,0,0.000004,0.000007,0.000013,0.000017,0.000001
35491,Sphaeropleales,Eukaryota,Chlorophyta,Chlorophyceae,Sphaeropleales,0,0,0,0,0,0,0,0,0,0,0,0,0,0,0,0,0,0,0,0,0,0,0,0,0,0,0,0,0,0,0,0,0,0,0,0.000001,0,0,0,0,0,0,0,0,0,0,0.000006,0,0,0,0.000005,0,0.000001,0,0,0,0,0,0,0,0,0
200666,Sphingobacteriales,Bacteria,Bacteroidetes,Sphingobacteriia,Sphingobacteriales,0.000032,0.000044,0.000055,0.000055,0.000079,0.000124,0.000048,0.000005,0.000005,0.000004,0.000007,0.000005,0.000014,0.000004,0.000004,0.000003,0.000012,0.000007,0.000002,0.000008,0.000003,0.000009,0.000585,0.000048,0.000002,0.000005,0.000034,0.000043,0.000321,0.000162,0.000281,0.000172,0.0002,0.000217,0.000139,0.000142,0.000185,0.000136,0.000126,0.000029,0.000064,0.000063,0.000196,0.000086,0.000278,0.000232,0.000383,0.000137,0.00015,0.000035,0.000304,0.000432,0.00064,0.00031,0.000366,0.000145,0.000208,0.000209,0.000181,0.000362,0.00029,0.00006
204457,Sphingomonadales,Bacteria,Proteobacteria,Alphaproteobacteria,Sphingomonadales,0.000073,0.000191,0.000191,0.000108,0.000471,0.000159,0.000242,0.000038,0.000041,0.00001,0.000012,0.000014,0.000017,0.000001,0.00005,0.000002,0.000041,0.000007,0.000007,0.000006,0.000013,0.00001,0.00031,0.000018,0.000004,0.000005,0.000008,0.000008,0.000117,0.000043,0.000102,0.000086,0.000045,0.000062,0.000012,0.000011,0.000034,0.000038,0.000064,0.000004,0.000103,0.000006,0.000063,0.000076,0.00006,0.000086,0.000128,0.000134,0.000121,0.000011,0.000067,0.000035,0.00083,0.001702,0.000044,0.000035,0.000014,0.00003,0.000123,0.00009,0.000271,0.000012
136,Spirochaetales,Bacteria,Spirochaetes,Spirochaetia,Spirochaetales,0.000677,0.00135,0.001412,0.001339,0.002216,0.001355,0.001313,0.000181,0.000116,0.000162,0.000135,0.000105,0.000271,0.000207,0.000192,0.00011,0.000153,0.000279,0.000135,0.000254,0.000106,0.000215,0.00101,0.000296,0.000029,0.000043,0.000228,0.000293,0.000775,0.000735,0.001788,0.00108,0.000674,0.002429,0.000305,0.000124,0.000575,0.001259,0.001942,0.000125,0.000135,0.000041,0.000848,0.001742,0.00125,0.001699,0.002752,0.000586,0.002127,0.000329,0.000868,0.000291,0.001246,0.002021,0.00279,0.00032,0.00019,0.000473,0.000894,0.001548,0.001327,0.000138
1189,Stigonematales,Bacteria,Cyanobacteria,none,Stigonematales,0.000003,0.000002,0.000002,0.000002,0.000002,0.000002,0.000001,0,0,0.000002,0,0,0,0,0.000001,0,0,0.000001,0.000002,0.000001,0.000002,0.000002,0.000018,0.000003,0.000001,0,0,0.000001,0.000001,0.000002,0.000003,0.000008,0.000001,0.000009,0,0,0.000001,0.000001,0.000003,0,0.000001,0,0.000004,0.000006,0.000003,0.000005,0.000005,0.000001,0.000005,0.000001,0.000001,0,0.000003,0.000002,0.000008,0,0,0.000001,0.000001,0.000001,0.000002,0.000001
2281,Sulfolobales,Archaea,Crenarchaeota,Thermoprotei,Sulfolobales,0.000004,0.000003,0.000002,0.000007,0.000003,0.000003,0.000003,0.000001,0,0,0,0,0.000002,0.000002,0,0.000003,0,0.000001,0,0.000001,0,0.000001,0.000012,0.000004,0.000001,0,0.000003,0.000003,0.000002,0.000003,0.000019,0.000006,0.000002,0.00003,0.000001,0,0.000003,0.000007,0.000015,0,0.000005,0,0.000004,0.000027,0.00001,0.000006,0.000021,0.000002,0.000008,0.000001,0.000006,0,0.000002,0.000006,0.000045,0.000001,0,0.000001,0.000003,0.000003,0.000005,0.000001
649776,Synergistales,Bacteria,Synergistetes,Synergistia,Synergistales,0.001372,0.000958,0.001423,0.002239,0.006609,0.001812,0.00161,0.000112,0.000071,0.000034,0.000027,0.000029,0.000036,0.00002,0.000092,0.000023,0.00011,0.000046,0.000033,0.000034,0.000045,0.000021,0.00001,0.000045,0,0.000006,0.000028,0.000044,0.000266,0.000302,0.000399,0.00025,0.000124,0.000558,0.000103,0.000059,0.000158,0.000256,0.0004,0.000029,0.00003,0.000007,0.000229,0.000453,0.000688,0.000551,0.000681,0.00016,0.000269,0.000082,0.000267,0.000163,0.000367,0.000549,0.000395,0.00013,0.000038,0.000295,0.000652,0.000587,0.000722,0.000038
213462,Syntrophobacterales,Bacteria,Proteobacteria,Deltaproteobacteria,Syntrophobacterales,0.000016,0.000038,0.000044,0.000026,0.000075,0.000038,0.000047,0.000005,0.000003,0.000001,0.000002,0.000002,0.000002,0,0.000003,0,0.000005,0.000002,0.000001,0.000002,0.000001,0.000002,0.000013,0,0,0,0,0.000001,0.000025,0.000011,0.000025,0.000016,0.00001,0.000021,0.000004,0.000006,0.000006,0.000016,0.000019,0.000002,0.00001,0,0.000015,0.000038,0.000019,0.000028,0.000042,0.000013,0.000026,0.000004,0.000014,0.000006,0.000063,0.000125,0.000015,0.000006,0.000002,0.00001,0.000016,0.00003,0.000034,0.000003
420622,Synurales,Eukaryota,none,Synurophyceae,Synurales,0.000001,0,0.000003,0.000002,0.000002,0.000001,0.000002,0,0,0,0,0,0,0,0,0,0.000002,0,0,0,0,0,0,0,0,0,0,0,0,0,0,0,0,0,0,0,0.000188,0,0,0,0,0,0.000483,0,0.000061,0,0,0,0,0,0.000074,0,0.000216,0.000007,0,0,0,0.000006,0,0,0,0
68933,Thermales,Bacteria,Deinococcus-Thermus,Deinococci,Thermales,0.000081,0.000201,0.000167,0.000122,0.000518,0.000207,0.000233,0.00003,0.000024,0.000004,0.000011,0.000007,0.00001,0.000001,0.000039,0.000002,0.000036,0.000003,0.000003,0.000003,0.000003,0.000009,0.000006,0.000004,0,0,0.000002,0.000002,0.000064,0.000034,0.000069,0.000038,0.000016,0.000078,0.000009,0.000015,0.00002,0.000025,0.00004,0,0.000003,0.000001,0.000041,0.000058,0.000047,0.000072,0.000126,0.000018,0.000048,0.000007,0.000035,0.000027,0.000056,0.000112,0.000038,0.000021,0.000006,0.000025,0.000066,0.000088,0.000101,0.000007
68295,Thermoanaerobacterales,Bacteria,Firmicutes,Clostridia,Thermoanaerobacterales,0.00085,0.000821,0.000896,0.001494,0.001412,0.001123,0.000894,0.000088,0.000052,0.000105,0.000122,0.000104,0.00027,0.000162,0.000076,0.000137,0.000075,0.00024,0.00007,0.000195,0.000062,0.000175,0.000669,0.00062,0.000009,0.000011,0.00038,0.000513,0.000769,0.000611,0.002131,0.001505,0.000668,0.003826,0.000208,0.000088,0.000483,0.001436,0.004118,0.000062,0.000092,0.000031,0.000813,0.003273,0.001756,0.001575,0.002174,0.000441,0.002325,0.000336,0.001022,0.000193,0.000702,0.001917,0.003366,0.000218,0.00008,0.000349,0.000635,0.002003,0.001279,0.00008
2258,Thermococcales,Archaea,Euryarchaeota,Thermococci,Thermococcales,0.000021,0.000036,0.000037,0.000029,0.000067,0.000044,0.000039,0.000005,0.000004,0.000003,0.000002,0.000001,0.000002,0.000003,0.000007,0.000002,0.000006,0.000004,0.000002,0.000005,0.000004,0.000002,0.000006,0.000007,0,0,0.000013,0.000017,0.000028,0.000014,0.000031,0.000023,0.000009,0.000084,0.000004,0.000002,0.00001,0.000034,0.000026,0.000002,0,0,0.000018,0.000037,0.000032,0.000032,0.000072,0.000009,0.000062,0.000006,0.000012,0.000004,0.000017,0.000019,0.000093,0.000007,0.000002,0.000014,0.00002,0.000031,0.000034,0.000003
188710,Thermodesulfobacteriales,Bacteria,Thermodesulfobacteria,Thermodesulfobacteria,Thermodesulfobacteriales,0.000033,0.000017,0.000017,0.000049,0.000018,0.000029,0.000015,0.000001,0.000001,0.000001,0.000002,0.000001,0.00001,0.000001,0.000001,0.000001,0.000001,0.000009,0,0.000002,0,0.000002,0.00006,0.000015,0,0.000001,0.000008,0.000017,0.00002,0.000027,0.000122,0.000098,0.000023,0.000104,0.000003,0.000003,0.000025,0.000081,0.000139,0.000003,0.000002,0,0.000029,0.000114,0.000044,0.000023,0.000073,0.000014,0.000103,0.000009,0.000033,0.000004,0.000015,0.000077,0.000046,0.000005,0.000002,0.000007,0.000036,0.000079,0.000047,0.000002
189776,Thermomicrobiales,Bacteria,Chloroflexi,Thermomicrobia,Thermomicrobiales,0.000005,0.000008,0.00001,0.000006,0.000029,0.000007,0.000017,0.000001,0.000001,0,0,0,0,0,0.000002,0,0.000001,0,0,0,0,0,0,0.000001,0,0,0,0.000002,0.000006,0.000004,0.000006,0.000006,0.000005,0.000003,0.000001,0,0.000001,0.000001,0.000003,0,0.000001,0,0.000003,0.000007,0.000006,0.000005,0.00001,0.000003,0.000002,0.000001,0.000004,0.000002,0.000003,0.000005,0,0.000002,0.000001,0.000001,0.000002,0.000005,0.000011,0.000001
2301,Thermoplasmatales,Archaea,Euryarchaeota,Thermoplasmata,Thermoplasmatales,0.000009,0.000019,0.000027,0.000015,0.000029,0.000013,0.000023,0.000007,0.000004,0,0.000001,0.000002,0.000002,0.000001,0.000005,0,0.000007,0.000001,0,0.000001,0,0,0,0,0,0.000002,0,0.000002,0.000011,0.000007,0.000016,0.000011,0.000005,0.000034,0.000002,0.000002,0.000005,0.000011,0.00002,0,0,0,0.000009,0.000021,0.000014,0.000016,0.000018,0.000009,0.000012,0.000002,0.000006,0.000002,0.00003,0.000014,0.000012,0.000003,0.000002,0.000005,0.00002,0.000008,0.00002,0.000002
2266,Thermoproteales,Archaea,Crenarchaeota,Thermoprotei,Thermoproteales,0.000004,0.000008,0.000007,0.00001,0.00002,0.000004,0.000005,0.000002,0.000002,0,0,0,0,0,0.000002,0,0.000002,0,0,0,0,0,0,0,0,0,0.000001,0,0.000007,0.000008,0.000002,0.000003,0.000001,0.000042,0.000001,0.000001,0.000048,0.000001,0.000005,0,0,0,0.000002,0.00001,0.000004,0.000007,0.000016,0.000001,0.00001,0.000002,0.000002,0.000002,0.000003,0.000003,0.000065,0.000002,0,0.000002,0.000004,0.000003,0.000004,0
2419,Thermotogales,Bacteria,Thermotogae,Thermotogae,Thermotogales,0.000149,0.0001,0.000123,0.000266,0.000104,0.00014,0.0001,0.000016,0.000008,0.000032,0.000025,0.000026,0.000061,0.000049,0.000012,0.000013,0.000011,0.000041,0.000021,0.000046,0.000018,0.000049,0.000216,0.000079,0.000007,0.000003,0.000111,0.0001,0.000166,0.000155,0.000534,0.000443,0.000138,0.000709,0.000047,0.000019,0.000115,0.000321,0.000872,0.000005,0.00001,0.000004,0.000249,0.000639,0.000373,0.00023,0.000497,0.00008,0.000258,0.000061,0.000217,0.000035,0.000132,0.000436,0.000674,0.000047,0.000015,0.000064,0.00013,0.000295,0.000276,0.000011
72273,Thiotrichales,Bacteria,Proteobacteria,Gammaproteobacteria,Thiotrichales,0.000069,0.000076,0.000068,0.00011,0.000124,0.000083,0.000066,0.00002,0.000012,0.000006,0.000035,0.000014,0.000063,0.000016,0.000013,0.000005,0.000017,0.000012,0.000003,0.000014,0.000005,0.000023,0.000347,0.000086,0.00001,0.000016,0.00008,0.000071,0.000098,0.000079,0.000279,0.000172,0.000153,0.000889,0.000109,0.000242,0.000126,0.000224,0.000259,0.000043,0.000037,0.000004,0.000141,0.000249,0.000146,0.000133,0.000513,0.000087,0.000148,0.000053,0.000107,0.000046,0.000407,0.000818,0.000898,0.000025,0.000127,0.000034,0.000097,0.000188,0.000148,0.000013
5234,Tremellales,Eukaryota,Basidiomycota,Tremellomycetes,Tremellales,0.000002,0,0,0,0.000001,0,0,0,0,0,0,0,0,0,0,0,0,0.000001,0,0,0,0,0.000027,0,0,0.000002,0,0,0.000001,0,0,0,0,0.000003,0,0,0.000001,0,0,0,0,0,0.000004,0,0.000001,0,0.000001,0,0,0,0,0,0.000002,0.000001,0.000001,0,0,0,0,0.000001,0,0
3113,Ulvales,Eukaryota,Chlorophyta,Ulvophyceae,Ulvales,0,0,0,0,0,0,0,0,0,0,0,0,0,0,0,0,0,0,0,0,0,0,0,0,0,0,0,0,0,0,0,0,0,0,0,0,0,0,0,0,0,0,0,0,0,0,0,0,0,0,0,0,0,0,0,0,0,0,0,0,0,0
5267,Ustilaginales,Eukaryota,Basidiomycota,Ustilaginomycetes,Ustilaginales,0.000001,0,0,0.000001,0,0.000001,0,0,0,0,0.000001,0,0,0,0,0,0,0,0,0,0,0.000004,0.000486,0.000048,0,0.000316,0,0,0,0,0,0,0,0.000004,0,0,0,0,0,0,0,0,0,0,0.000003,0,0,0,0,0,0,0,0.000008,0,0,0,0,0,0.000002,0,0,0
48461,Verrucomicrobiales,Bacteria,Verrucomicrobia,Verrucomicrobiae,Verrucomicrobiales,0.00721,0.004198,0.021177,0.031133,0.069623,0.022583,0.038136,0.000004,0.000002,0.000004,0.000003,0.000002,0.000004,0,0.000004,0,0.000004,0.000001,0.000004,0.000003,0.000007,0.000004,0.00013,0.000001,0.000032,0.000024,0.000001,0.000006,0.001126,0.001885,0.00707,0.005969,0.000125,0.002816,0.001294,0.000111,0.000042,0.006812,0.00067,0.000001,0.000015,0.000093,0.021574,0.000259,0.00057,0.00023,0.059172,0.000363,0.084479,0.000007,0.011734,0.007332,0.002091,0.004244,0.000051,0.013745,0.000034,0.000018,0.008282,0.044871,0.009347,0.038663
135623,Vibrionales,Bacteria,Proteobacteria,Gammaproteobacteria,Vibrionales,0.000062,0.000118,0.000136,0.000128,0.000191,0.00014,0.000146,0.000021,0.000015,0.000042,0.000018,0.00002,0.000035,0.000044,0.000015,0.000016,0.00002,0.000093,0.000024,0.00004,0.000023,0.00004,0.001369,0.000129,0.000017,0.000114,0.000165,0.000123,0.000079,0.000057,0.000143,0.000097,0.000076,0.000249,0.000055,0.000014,0.000065,0.000099,0.000107,0.000009,0.000038,0.000008,0.000116,0.000141,0.000112,0.000171,0.000201,0.000073,0.000211,0.000037,0.000101,0.000038,0.000247,0.000392,0.000302,0.000035,0.000022,0.000046,0.000066,0.00012,0.00013,0.000018
135614,Xanthomonadales,Bacteria,Proteobacteria,Gammaproteobacteria,Xanthomonadales,0.000077,0.000179,0.000196,0.000113,0.000511,0.00018,0.000257,0.000049,0.000036,0.00001,0.000014,0.000013,0.000014,0.000002,0.000063,0.000005,0.000057,0.000007,0.000008,0.000007,0.000013,0.000021,0.000778,0.000029,0.000011,0.000024,0.000019,0.000025,0.000096,0.000053,0.000089,0.000062,0.000047,0.000086,0.00001,0.000015,0.000065,0.000047,0.000052,0.000011,0.000017,0.000006,0.000061,0.000072,0.000058,0.000092,0.000125,0.000038,0.000081,0.000014,0.00005,0.000044,0.000198,0.000296,0.000041,0.000038,0.000015,0.000033,0.00021,0.000088,0.000128,0.000013