,LS001,LS002,LS003,LS004,LS005,LS006,LS007,CD-SRS301865,CD-SRS301866,CD-SRS301867,CD-SRS301868,CD-SRS301869,CD-SRS301870,CD-SRS301871,CD-SRS301872,CD-SRS301873,CD-SRS301874,CD-SRS301875,CD-SRS301876,CD-SRS301877,CD-SRS301878,CD-SRS301879,UC-SRS071964,UC-SRS071970,UC-SRS071978,UC-SRS071981,UC-SRS071982,UC-SRS071988,HE-SRS011061,HE-SRS011084,HE-SRS011134,HE-SRS011239,HE-SRS011271,HE-SRS011302,HE-SRS011405,HE-SRS011452,HE-SRS011529,HE-SRS011586,HE-SRS012273,HE-SRS012902,HE-SRS013158,HE-SRS013215,HE-SRS013687,HE-SRS013951,HE-SRS014235,HE-SRS014923,HE-SRS014979,HE-SRS015065,HE-SRS015217,HE-SRS015578,HE-SRS015663,HE-SRS016018,HE-SRS016095,HE-SRS016335,HE-SRS016495,HE-SRS016585,HE-SRS017103,HE-SRS017433,HE-SRS018427,HE-SRS018656,HE-SRS020328,HE-SRS020869,HE-SRS022713
A(RNA_processing_and_modification_),0.000151554668602077,0.00011356303105544,0.0000908890863043913,0.0000650046289330701,0.0000974650400187956,0.0000396231621878414,0.0000817059037038356,0.0000994558337239695,0.0000669573342565294,0.0000375908383409998,0.000355215651530618,0.000517798554896095,0.000191155338674602,0.0000823437930266279,0.000123886625922468,0.00000837875103957934,0.0000410127006245178,0.0000269312178794375,0.000112784805591745,0.0000103045186977899,0.000193885523077553,0.000139252759903276,0.00316577730340645,0.0000523642369414878,0,0.000140440555304003,0.00020577642017683,0.0000859931529014694,0,0.0000262294469373093,0.0000087123524874371,0.00000282233451283391,0.00000497014535927328,0.00000116206697704221,0.00000749750688907182,0.0000181172380493705,0.00000898443992289659,0.00000451624541111124,0.00000843122410110794,0.00000480109957155792,0.0000290619685101917,0.00000851620764392113,0.00000737099434497342,0.00000536272719773089,0.00000166611544595549,0.00000403391543341763,0.0000012284921854028,0.0000160195009307008,0.0000178355431095375,0.0000190273222957767,0.00000137553181125118,0.0000197746296953195,0.0000152969311429328,0.00000551523342317156,0.00000594126675627127,0.000561144659842542,0.000026231266421075,0.0000000540094482684234,0,0.00000785858791710143,0.00000427194586889685,0.000000910936228841614,0
B(Chromatin_structure_and_dynamics_),0.000384632087182974,0.0000578374368788969,0.0000318567802764923,0.0000976652190943241,0.000126428093180315,0.000145322132506021,0.0000685581960249332,0.0000682796014079548,0.0000548710672574937,0.000109900652000438,0.00000767558321257951,0.0000145613638412488,0.0000152958122223019,0.0000219789755827038,0.0000265243011993792,0.0000149376101126038,0.0000600031398627696,0.0000610880708973731,0.00011178674390708,0.0000630242321506489,0.000129785625406334,0.000132265712083293,0,0,0.0000215473037369254,0.0000287490305488069,0.0000141439968631185,0.0000152915119152273,0.0000201767188339487,0.0000309537228914627,0.0000280216468464133,0.000017644318898066,0.0000144926235876006,0.000123727014965005,0.00000831134449422321,0,0.00000797538646656629,0.000087223508095183,0.000073055510878278,0,0.000000551810186906468,0.0000012137509334099,0.0000176385876234409,0.000113853614715663,0.0000636405803206013,0.0000594520472161156,0.0000561632308028677,0.0000129310610040878,0.0000604915765628221,0.0000113599560710719,0.0000239243508172036,0.0000131749086752255,0.0000101257363629175,0.0000278130475887777,0.000150296160054352,0,0.00000924822280933713,0.00000197853355368846,0.0000131428459773811,0.000011013575165576,0.0000392296633575354,0.0000187012363064672,0
C(Energy_production_and_conversion_),0.0605894762324771,0.0576945236010614,0.0593302791722515,0.0557736771986783,0.0608397770328199,0.0558708697402318,0.0601291563687764,0.048183856738474,0.0453156250465471,0.0564843241974821,0.0438984421915397,0.0452811699205375,0.049214741620689,0.05556504604914,0.04433910145484,0.0478464421074293,0.0478595111617406,0.0542941819492797,0.0537998614381335,0.0549136977926284,0.0515554590311619,0.0536579317567956,0.050301231809032,0.0492382841353086,0.0354811249142908,0.040909487083581,0.0570259057857504,0.0516295390930099,0.0496422695167788,0.0502361214659936,0.0437622239405119,0.0529624694019233,0.04321743007798,0.0468862809366356,0.0458194307715628,0.0498723867291361,0.0505194071847524,0.0392123365993533,0.0449098085725377,0.0514849473175496,0.0495327383881392,0.0518175244111654,0.0496860552944549,0.0430108493741189,0.0463936127340241,0.0428958615032559,0.0451589667062627,0.0459061716449796,0.0453024570031182,0.0491244466217439,0.0503914780638407,0.0553174548986922,0.0477287512041929,0.0412991142882485,0.0438112561338375,0.0772984046497081,0.0535796440805876,0.053759037032131,0.0490778678816809,0.0537478584670638,0.0467285304929836,0.0509953844783546,0.0482691718655487
"D(Cell_cycle_control,_cell_division,_chromosome_partitioning_)",0.0124025752457123,0.014087289380213,0.0146088471649163,0.015016029033762,0.0156018833856747,0.0141058313944988,0.0137740591045569,0.0131663269180823,0.013362031131141,0.0133993068125554,0.0140433717066855,0.0147520822847425,0.014815895666094,0.0135876661605655,0.0134574391532107,0.0136625284084705,0.0125825831372764,0.0131747753203794,0.0135368694848238,0.0144653983925508,0.0126427000687936,0.0134959363942708,0.00614027270916503,0.0129275207603086,0.00592212749294062,0.0251221573647563,0.0120330331093815,0.011646121612842,0.0128439371370658,0.0135959290713372,0.0162709220302311,0.0132673446303637,0.0141398084790999,0.0157532965698968,0.0122187875387333,0.0113384593716151,0.0144718553863152,0.0169109718651795,0.0170892325241136,0.0119991932698004,0.0120909635807894,0.00924113761963308,0.0142107474894816,0.0183226987709408,0.0144965548986197,0.0155321694762712,0.0163412505705519,0.0145200661539418,0.0146898398979566,0.0124146963425784,0.0149978401083691,0.0137149749754116,0.0131744084524448,0.0157966117047612,0.0150099839733656,0.010544451678443,0.0134278683570816,0.0123423871229294,0.0140858328845639,0.0146330826244022,0.0158345633161784,0.0124440805423331,0.0126628263554757
E(Amino_acid_transport_and_metabolism_),0.0764889778634738,0.0891583367877349,0.0870541434391012,0.0827399737427154,0.0909474037358963,0.0759964489500462,0.0900658198988369,0.089231242788881,0.0855307610552545,0.0874658291810666,0.100078675562064,0.0974730511427017,0.0860453173378042,0.0810730640672912,0.0881976455073723,0.0739170628194401,0.081830528919997,0.0883356201979273,0.0903886289426926,0.0827749760986607,0.0954101766742921,0.0872127100837966,0.0858808929992999,0.0700352563326617,0.0553040714977489,0.0738645329121316,0.0743234260345247,0.0711993958066711,0.0643788932414834,0.0695568644902911,0.0604607152602231,0.0682562769293751,0.0675635546929031,0.0750973611570698,0.0624353130671584,0.0687207022273545,0.0691599439400166,0.0559176985669926,0.0588279309962406,0.0724779386289769,0.0651293635913876,0.0668478091334617,0.070668735572885,0.0632716980162586,0.0673966166198556,0.0724544179580655,0.0699390308175741,0.0695427136592696,0.0792237077551318,0.0717165294786899,0.0695327719705994,0.0693101655224815,0.0583892120632226,0.049326796861152,0.077632516770723,0.0909119888985155,0.0746790677879255,0.0704754622588552,0.069644978368555,0.0670228323390799,0.0638576442032199,0.0687384365577593,0.069044896324604
F(Nucleotide_transport_and_metabolism_),0.0368526642168851,0.0343091277942335,0.0343009802043191,0.0346915222338722,0.0398817387447726,0.0330772356032408,0.0351446209559568,0.0448811028110592,0.0473627476098957,0.0340016365101874,0.0416603704397868,0.0413922550566708,0.0396927472790653,0.035996352405376,0.0449098643600366,0.0399760396593548,0.0423493829103364,0.037394949053615,0.0342921834906828,0.0346511655709604,0.0362180188655143,0.037715580674476,0.0207118428181606,0.0296062432829236,0.0592247944185441,0.0250587614200682,0.0282397810981586,0.0284553339862923,0.0292621460738179,0.0339517217054054,0.0345382535964158,0.0329007105128005,0.0331589598303864,0.037927073188415,0.0307833915188996,0.0325169915035469,0.0410747691082648,0.0330798328558274,0.0321143088042624,0.0296585767170059,0.030342244522191,0.0278856072209937,0.0388739188061082,0.035564546847611,0.0350645751066485,0.0352071456031368,0.0346362030092056,0.0318963975774663,0.0364390556545911,0.0314298482122069,0.0343111316138652,0.0317107716731817,0.0293859208274053,0.0304672869434045,0.0362827912227919,0.0256307684512634,0.0328016048567551,0.0358737818813959,0.0299579577271939,0.0335705223285274,0.0385860444574791,0.032314666634826,0.0289419222674229
G(Carbohydrate_transport_and_metabolism_),0.0652344765454278,0.0917221120936361,0.0888423568442877,0.0866130267797515,0.0883538972537345,0.0821851963746626,0.0856389964030174,0.101693123159632,0.100888340318408,0.107952945118994,0.11884062148538,0.118348538398785,0.111102485502483,0.111102004840865,0.1104409012777,0.113650408225132,0.0971274178457746,0.10255998149026,0.108326939686279,0.105905536695886,0.112855078028367,0.105598939326828,0.0662567376193941,0.0968705151517595,0.0728830721308043,0.0866750016389229,0.107221350706764,0.100567180816912,0.0901492749995904,0.0757903451703577,0.0720061817766125,0.0794151831262484,0.0815688288713538,0.0717791750477426,0.0902251890054024,0.100485596662015,0.0762761253936195,0.0677600335282929,0.0793961087023018,0.0949443386127736,0.0929592363774178,0.104773617391214,0.0748083584821623,0.078732805358992,0.077124628676581,0.0795285740309068,0.0772767389378136,0.0816330782911185,0.0910849307942774,0.0903556324718283,0.0774660611558058,0.0779843380448305,0.0793839301219869,0.0709516487852014,0.0754226652914912,0.104332435754276,0.0870900096675675,0.0876131388678504,0.0886452098200742,0.0630758518226349,0.06682704276392,0.0843426644218328,0.0937273637348439
H(Coenzyme_transport_and_metabolism_),0.0428629739084361,0.040764025819591,0.0423146191309576,0.0398515478899794,0.036098450761838,0.0397418718608609,0.0397999592384963,0.0342191221241801,0.0308693043065041,0.0381280032522709,0.0381680183687736,0.0373898859583016,0.0368448181072977,0.0377642237757134,0.0313164889594625,0.0322409258382227,0.03459730999575,0.0372843409198511,0.0396200286925516,0.0411507614369008,0.0345297292260724,0.0402574219398269,0.0294131627245035,0.0421342783615492,0.0505246618496824,0.0328529179076153,0.036785110487883,0.0403489004184648,0.0408832065610836,0.0425390388611135,0.0335942135472899,0.0402240699535881,0.0405042653522594,0.0322585210621053,0.0428864372210085,0.0461367313247758,0.0400945583945318,0.0318883283802092,0.0322874147996088,0.0452477189570965,0.0430814643926921,0.0421348752544219,0.040000771034909,0.0309799650551079,0.0398501563243023,0.0349467059951896,0.0334573225793073,0.0403068972222396,0.0374542527245189,0.0425033875862568,0.0402160825883574,0.0445220307807911,0.0351800265672573,0.0290282058291357,0.0317973568978127,0.0395520205730874,0.0462836936788355,0.0455279047815461,0.0412265813740199,0.0442961112867125,0.0361850538286775,0.0399194744995591,0.0469219568229692
I(Lipid_transport_and_metabolism_),0.021043167069045,0.0235447058807782,0.0230956360193406,0.022228084888423,0.0219725669916384,0.0214485470412709,0.0226585253571052,0.0215219205956261,0.0201991111123465,0.0203488762463995,0.0240570127706026,0.0235038589142358,0.0214432501410162,0.0192152739548759,0.0217498249021889,0.0193366921529054,0.0205618359277829,0.0190367254893015,0.0206234700649822,0.0202980861481123,0.0212216283364162,0.0199275132785,0.0180557165987008,0.0207333788847707,0.0209324103433903,0.0211588320340603,0.0209649130828274,0.021021375304122,0.0219711470952021,0.0212220220576557,0.0220848512480328,0.0229670642994083,0.0231712990023626,0.0211249649637942,0.0211413820135339,0.0229463080109832,0.0228275982141351,0.0192788076638492,0.0203279536726275,0.0222846589025778,0.0203147931234153,0.0216479956319275,0.0236099686342297,0.0213179929626965,0.0213637504881388,0.0193029320144334,0.0195473225213392,0.0213327952581087,0.019849080190054,0.0210983926106873,0.0223011489214689,0.0230350904221546,0.022864609166731,0.0218369381823603,0.0208997369260487,0.0238437197520484,0.0226302398531862,0.0229070942836018,0.0214541226627575,0.0236697334756799,0.0205003318947388,0.0214627320285286,0.0213800844450767
"J(Translation,_ribosomal_structure_and_biogenesis_)",0.0832357147059621,0.0759214942310758,0.0764031977763181,0.0805959830331405,0.0985239905838008,0.0784680167601222,0.0803736708783361,0.0902862921250103,0.0950935594536154,0.0729055039423093,0.0824586374061609,0.0895597446467176,0.0824124592151164,0.0721653295023352,0.0859031393655234,0.0812607606260748,0.0850175869115226,0.0803585418378922,0.0733778675246097,0.0745400941669763,0.0809676741301945,0.0788731684068071,0.0635931697196592,0.0688958706336635,0.0537059859417136,0.0650606243678262,0.0618052078368767,0.0615029118991598,0.0717124175146811,0.0778930368918471,0.0991393161698461,0.087751901359542,0.0824603915448758,0.0907281627584908,0.0663219984422344,0.0586492608116847,0.0840279505795543,0.0903606942186141,0.0915715035038188,0.0647764260875662,0.0637854434388867,0.0601507196482461,0.0851997177662733,0.0974899040927655,0.0807223534070993,0.0790785398355863,0.0932565218654091,0.0778897186592711,0.0879133020690715,0.0710573884691961,0.0859667576972644,0.0760126343660378,0.0822391486851727,0.104125462234265,0.0800318614723413,0.0546398085498758,0.0753464016254708,0.0705256995865485,0.0665370473609463,0.0946468292451392,0.0940322659251569,0.083829255512754,0.063554632898247
K(Transcription_),0.0694145445816855,0.0761133674924393,0.0785997227686022,0.0811761422501611,0.0701589521609264,0.0781150823279058,0.0761584160040564,0.0667437533053862,0.0628182833314219,0.0849279347551138,0.0801810074821215,0.0783871448882218,0.0832280733149248,0.090340219605528,0.0731153446138618,0.0897896791133658,0.0635713746974974,0.0868759963812225,0.0844272781339324,0.084869370245637,0.0812561439982007,0.0843176486717162,0.0793684382188341,0.0736388753446259,0.071312334263225,0.112741013706988,0.0764349059132083,0.0729150297415738,0.0705334639441797,0.0670083389393958,0.0760608694237226,0.0658025782863432,0.0684586820324961,0.0819337653933593,0.0726159941413304,0.0723234997523264,0.0634349185651094,0.0754273984063457,0.0764955610348244,0.0667525379840074,0.0675403070785116,0.0779603105759099,0.0629415370404533,0.0823796590469661,0.0764677179893392,0.0850846192678241,0.0852236579290516,0.0783192672635798,0.0790889059296905,0.0729461743486323,0.073591338884138,0.0636890825659182,0.0704756153235678,0.0670304498216936,0.0907785088273353,0.071858007225776,0.0644637582796456,0.0639676685822033,0.0733080525416045,0.0658756604754414,0.0770873868362605,0.0752996316619193,0.0623224127408608
"L(Replication,_recombination_and_repair_)",0.0823098237499562,0.0661256043553102,0.0674290450739725,0.0707058518348818,0.0674324958053926,0.0752066532271968,0.0688848614059338,0.0867415249701228,0.0929091089368956,0.0803305970700437,0.0697893684485247,0.0713347797049475,0.0732015138743543,0.0711976210017575,0.0850418898955638,0.0707747748142641,0.0945050164286897,0.068325553422731,0.0760320551808736,0.0775488364146156,0.087305455493155,0.0752379467082406,0.0741368244644638,0.0776876841672134,0.100162032035081,0.0834545856619194,0.0699379277276781,0.0694732357462448,0.077141138079824,0.0846521578789453,0.0892089953273052,0.0792204040035689,0.0809511292577606,0.0919245446672899,0.0855158927799022,0.0672514772312638,0.0879911313571619,0.107400970405245,0.0999125014519923,0.06675718366315,0.0803799708347955,0.0571044730003833,0.102015306168388,0.0914361155809667,0.0879204848966431,0.099143942023901,0.0903522435663976,0.0839805563281351,0.080032264930213,0.0710074196319622,0.0863507708246055,0.0844461775961807,0.0810726929203914,0.0900350720496689,0.0938656972333481,0.0517175016752017,0.079935377446066,0.0739363191172105,0.0841123430411537,0.0845037832930325,0.0960216944887715,0.0796576769626453,0.0808126442231158
M(Cell_wall/membrane/envelope_biogenesis_),0.0618424583388612,0.0572126763418369,0.0553697680829526,0.0605736489432736,0.0591526282319291,0.0718584426663674,0.0588147162738155,0.0561250980127588,0.0572522063670938,0.0507288901428005,0.0507181259790599,0.0516559366701566,0.055580606049116,0.0518258800728948,0.0535193536340479,0.0547560305412123,0.0640244049213138,0.0531029349821593,0.0514439405483979,0.0523095257383781,0.0495579243463416,0.0523960019414487,0.058198019079138,0.080874560186247,0.0847216174317032,0.063531485569633,0.0698600427258872,0.0807327407421075,0.0897948514256255,0.085125318279055,0.0806529807459767,0.0824127805052854,0.095475207727891,0.0709655973636614,0.0924654838757058,0.088206006033158,0.0898160836784871,0.0877665373433105,0.0769537070842189,0.0929678324815378,0.0885126872582848,0.0896204204823538,0.0769923933454283,0.0676172804875253,0.0789299530315803,0.0683523199853032,0.0671413870246452,0.0771311572245684,0.0700887874241573,0.0851427438135587,0.0798463812223769,0.092595011878284,0.0919810233788669,0.0911429044828055,0.0755215606834068,0.061709835003001,0.0822769969137498,0.0850481322208441,0.0806659517505884,0.0830473919891967,0.0782976684595006,0.0766861893452722,0.0963323487877621
N(Cell_motility_),0.00537839384054945,0.00739877195074153,0.00678957538579511,0.00702104617104764,0.0028072970131725,0.0038105371855002,0.0059533375144092,0.00239147334296129,0.00193686803716036,0.00136727762622122,0.00237214374483113,0.00251414669540564,0.00201204367027251,0.00232633118829132,0.00164007508581739,0.0013260088986502,0.00202902359821967,0.00298082826724288,0.0012068236116368,0.00158695643449841,0.00100217559872228,0.00169779659556239,0.00654193937377196,0.0027023121425599,0.00246474827426592,0.0137891787583172,0.0118037695368259,0.00574891166016294,0.00215857630692809,0.00235382994463877,0.00537340785333661,0.00197713306071817,0.00465578977197387,0.0032102765320661,0.0027092998155348,0.00174107785898074,0.00263716287718821,0.0033464606962186,0.00296699436344365,0.0012862654975266,0.00256279256076064,0.00147950787710286,0.00314118524653091,0.0070608363299443,0.00671614530300219,0.00710753317843593,0.00428769716249403,0.00759544081641239,0.00582802304054317,0.00458376823228011,0.0041293801073144,0.00159873822190394,0.00503120177089044,0.00563138653710581,0.00321937544066461,0.0161791907614068,0.00264554059595103,0.00287542302796033,0.00274837082874787,0.00211783930835513,0.00242882813490347,0.00399210134844231,0.00125035326150081
"O(Posttranslational_modification,_protein_turnover,_chaperones_)",0.0340948675147152,0.0312595816382436,0.0324942599830225,0.0307352653694381,0.0322182828104586,0.0298094274001951,0.0314406242537687,0.029410547101129,0.0283912752304735,0.0280738335978046,0.0299507786098311,0.0302227893396411,0.0286549443811135,0.0293875977770645,0.0288615121207621,0.028921698683766,0.0281588254605271,0.0284353169702145,0.0287662600494417,0.0281906151721556,0.0296515947775085,0.0299987655967465,0.0259761593957775,0.028216448884074,0.0244555073615318,0.0296032611681246,0.0301805653261518,0.0284789615641767,0.0287744406046102,0.0335745674521454,0.0326561637630737,0.0324525227514883,0.0333944998492222,0.0314742733622303,0.028561262291889,0.0271016290005144,0.0331481291543267,0.0301399473786684,0.0315406698087408,0.0287031062559667,0.0283876243588192,0.0282856557614074,0.0342018919409528,0.0309157224900786,0.0306073851159452,0.0280291709579,0.029629434429278,0.0293254515357412,0.0292406241485057,0.0295456255938706,0.0323024302809452,0.031119001787255,0.032249734449904,0.040194159751695,0.0287199261633887,0.0354563311174701,0.0305446991748331,0.031387595922003,0.0284495916516589,0.0345608123298423,0.0350732038987186,0.0304508063451052,0.0283575940228939
P(Inorganic_ion_transport_and_metabolism_),0.0501877371354119,0.044902057967041,0.0460026098320334,0.0424484255473431,0.0435119917656523,0.0481646594817968,0.0476309537411187,0.0469154794716163,0.0484183324600013,0.0426160043772679,0.0449271831654978,0.0428753671487518,0.0418331002745477,0.049325854509141,0.0430055582824172,0.0464366816201581,0.0518636412811646,0.0429282254483305,0.0435418949675358,0.0421492052799826,0.0407420259769931,0.0443695011164866,0.0715059390872941,0.0614145273729934,0.0350533880493884,0.0383364354253838,0.0589263421279702,0.0668943993780552,0.0586388964441212,0.0526400125244532,0.0435614944628644,0.0558532606405145,0.0466804601024014,0.0372054668849088,0.0592987471100468,0.0679583614956364,0.0486790563131474,0.0482490204273677,0.0450830988922207,0.0699979929794933,0.0682539326998447,0.0717888092597203,0.0484139260399671,0.0351386777993449,0.0463097046483936,0.0405295923257027,0.0381130124573324,0.0487030518042997,0.0385832684738959,0.0600949030458033,0.0481296609794849,0.0561628111654806,0.0469781927283559,0.0413041113313029,0.034673716689912,0.0568015678117743,0.0573477454410778,0.0599029085896645,0.0561465839824499,0.0503219519662111,0.0427994524845281,0.0533847140054615,0.0633181755362587
"Q(Secondary_metabolites_biosynthesis,_transport_and_catabolism_)",0.00861572296469497,0.00727082165991232,0.00683518727745969,0.00618781807659395,0.00564644730406009,0.00657129563058739,0.00768831041364583,0.0057403379158897,0.00512782439409116,0.00558684188760985,0.00457013543848097,0.00450560553819717,0.00423464975281084,0.00611573121807726,0.00514996577419027,0.00408123277822282,0.00544481381303888,0.00448119975097178,0.00609943906367053,0.00517503877145936,0.00522255935435108,0.0057084778881039,0.0208540584157952,0.00798590895320038,0.0360077991892731,0.00985371018608042,0.00989159865948165,0.00869466260124458,0.0078763993379926,0.00771746156100623,0.00600413727984079,0.00649627414386394,0.00660811238703436,0.00573678026137412,0.00683702190402502,0.00743863749139366,0.00596753523474803,0.00597162778458391,0.00572384527030253,0.00810478456324358,0.00710071162357867,0.00709122696108337,0.006933045264077,0.00482620012584463,0.00616262566921682,0.00549951808495506,0.00498908888093843,0.00735415248399327,0.00449774068918127,0.0065823013983084,0.00603421748880664,0.00636027829970218,0.00845876790357471,0.00752894501233542,0.00563235105394407,0.0136655478064236,0.00679300219459695,0.00671331597372559,0.00629823355015584,0.00667231436036836,0.00568749303929303,0.00679700287456109,0.00795162060047864
R(General_function_prediction_only_),0.11673384895038,0.114264434427847,0.112583655356884,0.112475505658961,0.114899270689148,0.11693862655799,0.113134673660759,0.111848307235059,0.112099907208615,0.106997925320939,0.102078402145331,0.101252173190629,0.111368132535761,0.108529376625024,0.112690962373018,0.116313188103297,0.112865260400043,0.115204290382319,0.107517204354981,0.111864402984031,0.105138527738939,0.108074538325684,0.141543436198907,0.110883713512026,0.0826961304559507,0.0987080628005587,0.103238099218489,0.112182274470542,0.116663062857263,0.12129611555462,0.118640381949563,0.115863647189868,0.121274891370995,0.112019994537993,0.117173912086784,0.114247850462463,0.116530502420525,0.115977719848781,0.110081112037036,0.111774628990333,0.115802463864396,0.111536425315396,0.118199329399871,0.112405449516359,0.111358629792397,0.110047932756061,0.109724361066643,0.112318641362637,0.11258057898865,0.112415838992538,0.111491755608328,0.114463067244225,0.121566137113914,0.117682290824154,0.105117315066883,0.0980601995781444,0.111170210967122,0.115552532071692,0.112212378523095,0.11883806217329,0.114414871563314,0.111780703564634,0.115003280784915
S(Function_unknown_),0.097939928540701,0.0836032183058495,0.0811257887399907,0.0826004172779073,0.0783593742879531,0.0787834059821791,0.0832809992341699,0.0858527256875382,0.0870051197047637,0.0754062306855128,0.073604355833614,0.0727619490310447,0.0776418282605745,0.0784732653797669,0.0851035652802538,0.0802046803192995,0.0840802125362286,0.0802721438429507,0.0743373115003833,0.0769502064399615,0.072689077008142,0.0752314882593988,0.0968121588041101,0.0661469884232785,0.0623034740045729,0.0785579920401921,0.0818486213297297,0.069602568254984,0.0619070487970538,0.0680359558219845,0.0756296605084223,0.0681625540403155,0.0690763812426715,0.0778951232031882,0.0616320201890895,0.0592181290489595,0.0678981648359003,0.0756301932592044,0.0791665520324969,0.060774172774312,0.0640889218277077,0.0604487179577936,0.06793963187522,0.0841421508371049,0.070607003626647,0.0811431737010391,0.0805129648255148,0.0696713824891828,0.0773502148517669,0.0673734956341172,0.0700761968861251,0.0634314444444045,0.070691261449554,0.0824952607958842,0.0801955500792046,0.0879019768838825,0.0606558543466761,0.0636230473382071,0.0699803139823503,0.0745704286310002,0.0778378141971528,0.0690404452077057,0.0634396932793281
T(Signal_transduction_mechanisms_),0.0313178936690046,0.0399104411077448,0.0412057694815371,0.0428637512793197,0.0317858189056501,0.0424293214819362,0.0379348101238399,0.0289507291661893,0.0281332257048291,0.0486756814267403,0.036537129171193,0.03490468423687,0.0379084863172153,0.0430628902963898,0.0334942967515038,0.0423226941809111,0.0331733095151167,0.0419643872174857,0.0476271574421044,0.0450531767388987,0.0413393442001067,0.0418333779744081,0.0408017560504405,0.053644930034268,0.0416927038145729,0.0606643014268942,0.0466451214714929,0.0543292308016198,0.0567924717416801,0.045349909484456,0.0407786260241632,0.0442674977398987,0.0418972712199605,0.0411201614628107,0.0529391783869416,0.0586131182710239,0.0392733198368899,0.0431926892393166,0.044547099300244,0.0511994751079835,0.0541835060149007,0.065581121045805,0.0359365989462623,0.0438387203898952,0.0491342889593085,0.0457042677260073,0.0445463620640937,0.0501178675641476,0.0420277242775564,0.0527031442284395,0.0425884593389966,0.0460464651034787,0.0493520449420297,0.0406989634636362,0.0463478059121104,0.0430925888244459,0.0473513318313149,0.0483110920947423,0.052266386536303,0.0381795297241159,0.0386545175787385,0.0477489160346555,0.0495366052942081
"U(Intracellular_trafficking,_secretion,_and_vesicular_transport_)",0.0162406579839173,0.0146117729158718,0.0141818326634663,0.01403258141375,0.0128437979304252,0.0157819695066119,0.0145119817849839,0.0123051012200722,0.0125107538831867,0.0106681340084598,0.0111265585606595,0.0117152925097361,0.0108917615743155,0.0123987848536039,0.0109546426323455,0.0098111271778701,0.0134982739637478,0.0113804939432464,0.0107597331254471,0.0113789002566834,0.0111283027674166,0.0123166950735963,0.0182982727296367,0.0166188225211478,0.00836249801121392,0.0132546424341168,0.0200519892509173,0.0170264485064179,0.0193129222487479,0.0184940676208656,0.0172587201097563,0.0180412738160531,0.016027291443799,0.0179227232927319,0.0170382819267964,0.0171005168024565,0.0177948101982994,0.0193182913096342,0.0178441867785314,0.0185441618181428,0.0185517860115826,0.0160828012773387,0.0172437306289062,0.0164089593112221,0.0178083846478079,0.014710993762906,0.0163321639080636,0.0177445349433512,0.0160180286708468,0.0162419375846448,0.0186719258142093,0.0188281984844842,0.0211767643913435,0.0244262208612725,0.0166358810300833,0.0241184596416489,0.0188330961318437,0.0185640394907544,0.0187866101353145,0.0191782185565589,0.0176107106467464,0.0174908250655293,0.0175844420849596
V(Defense_mechanisms_),0.0265662877142163,0.0298741035542054,0.0312281229537857,0.0313974996918413,0.0287007162540495,0.0314249872801077,0.0267825731254756,0.0235814784337294,0.0246256947752927,0.0337801986434895,0.0305627068762678,0.0296268051774329,0.0316343680648658,0.0304431639476844,0.0269406597436831,0.033342382916024,0.0247374194200721,0.0315113601116755,0.0340441576314029,0.0341258415686672,0.0292427332308194,0.0317436441219458,0.0224101669101807,0.0296904294801068,0.0967679712163696,0.0266338265069805,0.0224799517571312,0.0274298704850856,0.0295221179052028,0.0288979005835704,0.0322668895826702,0.0315866022112304,0.0296779991557881,0.0369005306471579,0.0313622568011704,0.0281151426726666,0.0283433763566741,0.0330638068650072,0.0330663156476263,0.0302592582913821,0.0273677195439879,0.0285115142160628,0.0289009354216895,0.0348121880392362,0.0354547933845841,0.0355590803159323,0.0394161294528152,0.0346401473232879,0.0326102068841644,0.0316168164539547,0.0315390938497799,0.0296134300678993,0.0325493686213302,0.0289469464236462,0.0382443892578076,0.0121240507037653,0.0321027125226517,0.0310825038500829,0.0343824425507985,0.027443208366253,0.0313908678855235,0.0335934475523684,0.0295849497138596
W(Extracellular_structures),0.0000350238772305095,0.0000452494435300805,0.0000319508535192464,0.0000191829186869865,0.00000210745203981335,0.00000238536240665458,0,0.0000350001775123658,0.0000244628077937185,0,0,0.00000203668440393979,0.00000125594175142208,0,0.00000153715413673565,0,0.0000200942909466389,0.00000887995586082214,0.00000519911100113847,0.0000105343537384548,0,0.0000148352850722045,0.0000197147551267306,0.00000108719837014281,0,0,0.0000824163958315191,0.0000186244128510105,0,0.00000472541614938818,0,0.00000223511607513942,0.00000253206754864358,0.00000690606021179822,0,0,0,0,0.00000385963068326181,0,0,0,0,0.00000106818976105259,0,0.00000902607958618329,0,0.000000797432895393448,0,0.00000559110222975404,0.0000047165640342846,0.00000249706975335568,0,0,0,0,0,0,0,0,0.00000373873383784669,0,0
Y(Nuclear_structure_),0,0,0,0,0,0,0,0,0,0,0,0,0,0,0,0,0,0,0,0,0,0.00000197764685203911,0,0,0,0,0,0,0,0,0,0,0,0,0,0,0,0,0,0,0,0,0,0,0,0,0,0,0,0,0,0,0,0,0,0,0,0,0,0,0,0,0
Z(Cytoskeleton_),0.0000765985954730529,0.0000348827831770088,0.0000499059288892004,0.0000903489184750912,0.0000372177657765352,0.0000242428896038645,0.0000486701592247417,0.00000772126396003362,0.00000362872315894651,0.00000653370638571435,0.0000140633788406107,0.00000834294313648947,0.000031069967921744,0,0.000015820750947481,0.00000564465478009107,0.00000115702272695511,0.0000012537763109404,0.00000112440493738247,0.0000143445477667649,0,0.0000465844614548956,0.0000143122151976683,0,0,0,0,0.000000998032647671097,0.0000211414482352878,0.00000737605487296457,0.0000142614008239953,0.0000957496281211147,0.0000157517503008629,0.00000413156493675425,0.00000291026086321433,0,0.0000166411439639837,0.0000148936044916263,0.00000874835714646849,0,0.00000171512920760514,0,0.0000572060197856264,0.000207295035332535,0.0000453279840979459,0.000068997454960192,0.0000607485022784723,0.0000407623994392328,0.0000186784824473062,0.00000953086809965279,0.0000351001486571609,0.00000338584905754554,0.0000457652503663528,0.0000178955352608566,0.00000351644669055536,0,0.00000566475781435375,0.00000888336305961457,0,0.00000910507400828445,0.0000967735611269255,0.0000112331832104889,0.00000302495567249471